Image Path,Feature Vector
D:\HCSDLDPT\HCSDLDPT_birds_classification\Bird_dataset_OZ_1\ABBOTTS BABBLER\1.jpg,0.9968477487564087,0.0061631761491298676,0.02239900641143322,0.003173575736582279,0.00443840678781271,0.033920466899871826,0.023548852652311325,0.06340252608060837,0.9795292019844055,0.07549861818552017,0.10698391497135162,0.07664026319980621,0.055039182305336,0.030253523960709572,0.022682633250951767,0.016884291544556618,0.01342932041734457,0.011085948906838894,0.008111669681966305,0.11131013929843903,0.9763375520706177,0.20320692658424377,0.0739729180932045
D:\HCSDLDPT\HCSDLDPT_birds_classification\Bird_dataset_OZ_1\ABBOTTS BABBLER\4.jpg,0.9988018274307251,0.011186332441866398,0.024281442165374756,0.006014872808009386,0.01189657486975193,0.03071802295744419,0.008833651430904865,0.021928761154413223,0.9763753414154053,0.05984782055020332,0.07962989062070847,0.09627693146467209,0.08091525733470917,0.07132204622030258,0.05003516003489494,0.023857617750763893,0.0119444839656353,0.006677624769508839,0.003950144164264202,0.11220290511846542,0.9585228562355042,0.23770201206207275,0.1572631299495697
D:\HCSDLDPT\HCSDLDPT_birds_classification\Bird_dataset_OZ_1\ABBOTTS BABBLER\5.jpg,0.9968918561935425,0.018058717250823975,0.019717169925570488,0.0017505899304524064,0.004353440832346678,0.063689224421978,0.01865760236978531,0.032639287412166595,0.9681391716003418,0.14041396975517273,0.14197589457035065,0.07548247277736664,0.05578307434916496,0.04998163506388664,0.037964366376399994,0.013196681626141071,0.009020919911563396,0.005450803320854902,0.003060100134462118,0.09894324094057083,0.9688167572021484,0.245962455868721,0.02994217723608017
D:\HCSDLDPT\HCSDLDPT_birds_classification\Bird_dataset_OZ_1\AFRICAN FIREFINCH\2.jpg,0.9903205037117004,0.047266505658626556,0.05037714168429375,0.004729179665446281,0.005841927602887154,0.04999779537320137,0.011785014532506466,0.10861939191818237,0.9729564785957336,0.1282082498073578,0.07810316979885101,0.06718918681144714,0.04585731774568558,0.03872602432966232,0.036245573312044144,0.01627795211970806,0.011162024922668934,0.010603923350572586,0.006015091203153133,0.144393190741539,0.9742340445518494,0.21139563620090485,0.07861196249723434
D:\HCSDLDPT\HCSDLDPT_birds_classification\Bird_dataset_OZ_1\AFRICAN FIREFINCH\4.jpg,0.9983898997306824,0.0034485170617699623,0.026991277933120728,0.0033379876986145973,0.007980221882462502,0.018104713410139084,0.005747528281062841,0.0451844148337841,0.9420849680900574,0.030063720420002937,0.08466307073831558,0.09091056883335114,0.06508757919073105,0.08617761731147766,0.11605202406644821,0.07709034532308578,0.05342558026313782,0.06489825993776321,0.05490226298570633,0.23448945581912994,0.8980585932731628,0.4385829269886017,0.03370143473148346
D:\HCSDLDPT\HCSDLDPT_birds_classification\Bird_dataset_OZ_1\AFRICAN FIREFINCH\5.jpg,0.9976908564567566,0.06044246628880501,0.02135886438190937,0.0010478774784132838,0.004280691035091877,0.018772613257169724,0.004570529330521822,0.010523365810513496,0.9766404628753662,0.0150457713752985,0.02132495492696762,0.0397074893116951,0.06585558503866196,0.1163620576262474,0.10322733968496323,0.04443962872028351,0.015925463289022446,0.0064308540895581245,0.0026087425649166107,0.11448133736848831,0.9955716133117676,0.08732107281684875,0.03481705114245415
D:\HCSDLDPT\HCSDLDPT_birds_classification\Bird_dataset_OZ_1\ALBERTS TOWHEE\2.jpg,0.9989954233169556,0.002163533354178071,0.015680260956287384,0.0014566362369805574,0.00794723629951477,0.04076439514756203,0.0037701174151152372,0.004048591945320368,0.9693965315818787,0.013527609407901764,0.01602359302341938,0.03522108867764473,0.11056278645992279,0.08085751533508301,0.04563642293214798,0.032940808683633804,0.024528421461582184,0.018519574776291847,0.01023044716566801,0.1887086182832718,0.9815279841423035,0.17236396670341492,0.08302658051252365
D:\HCSDLDPT\HCSDLDPT_birds_classification\Bird_dataset_OZ_1\ALBERTS TOWHEE\3.jpg,0.9995152354240417,0.00990811362862587,0.015316380187869072,0.0009506718488410115,0.0027252594009041786,0.024506207555532455,0.0046477289870381355,0.0024506207555532455,0.9791713953018188,0.01359008252620697,0.021100390702486038,0.05331723019480705,0.08726263046264648,0.08744145184755325,0.07727868854999542,0.033200331032276154,0.0137092936784029,0.003725351532921195,0.0022650137543678284,0.12332403659820557,0.96205735206604,0.27238523960113525,0.015873149037361145
D:\HCSDLDPT\HCSDLDPT_birds_classification\Bird_dataset_OZ_1\ALBERTS TOWHEE\4.jpg,0.9994969964027405,0.0034669307060539722,0.02003588154911995,0.0018717172788456082,0.0054449955932796,0.0196317620575428,0.005125952884554863,0.01214489247649908,0.9714822769165039,0.06808605790138245,0.133644700050354,0.1053808182477951,0.05877777561545372,0.030421430245041847,0.019479578360915184,0.012606245465576649,0.008506904356181622,0.0025890578981488943,0.0028356348630040884,0.13272003829479218,0.9698609113693237,0.15197965502738953,0.19045189023017883
D:\HCSDLDPT\HCSDLDPT_birds_classification\Bird_dataset_OZ_1\ALBERTS TOWHEE\5.jpg,0.99906325340271,0.0049706799909472466,0.016127577051520348,0.001931836362928152,0.00388537859544158,0.029107781127095222,0.008573880419135094,0.025461168959736824,0.9827454686164856,0.06825254112482071,0.08510220795869827,0.09956104308366776,0.054676033556461334,0.024050623178482056,0.009477938525378704,0.004525501746684313,0.003045463701710105,0.00196389714255929,0.0014231138629838824,0.09329934418201447,0.9761486053466797,0.16648130118846893,0.1393476128578186
D:\HCSDLDPT\HCSDLDPT_birds_classification\Bird_dataset_OZ_1\AMERICAN AVOCET\1.jpg,0.9992488026618958,0.012552997097373009,0.012423361651599407,0.0015124093042686582,0.003068030346184969,0.021670663729310036,0.008339856751263142,0.025278840214014053,0.9948019981384277,0.05699462443590164,0.03105258010327816,0.02655044198036194,0.019979754462838173,0.009223297238349915,0.004672488197684288,0.002749954117462039,0.0021902290172874928,0.001606167876161635,0.0010464427759870887,0.07020900398492813,0.9928804636001587,0.06901772320270538,0.09708216041326523
D:\HCSDLDPT\HCSDLDPT_birds_classification\Bird_dataset_OZ_1\AMERICAN AVOCET\2.jpg,0.9850836396217346,0.12413398176431656,0.07654884457588196,0.03351326659321785,0.010686155408620834,0.0836905837059021,0.008781692013144493,0.004761158488690853,0.9951173663139343,0.031632717698812485,0.014805319719016552,0.009808233939111233,0.007414281368255615,0.0038582151755690575,0.004718178883194923,0.003625792684033513,0.002091803587973118,0.0011388708371669054,0.0008134791278280318,0.09117938578128815,0.9891774654388428,0.11494307219982147,0.09119214117527008
D:\HCSDLDPT\HCSDLDPT_birds_classification\Bird_dataset_OZ_1\AMERICAN AVOCET\3.jpg,0.9971523284912109,0.029447942972183228,0.018326768651604652,0.0035680434666574,0.007089748978614807,0.0501379631459713,0.01628788746893406,0.040522780269384384,0.9910238981246948,0.05238642171025276,0.0528518483042717,0.03907003253698349,0.027563635259866714,0.018875660374760628,0.008739689365029335,0.004343987442553043,0.00193928019143641,0.001809994806535542,0.0008791403379291296,0.097920723259449,0.9908676147460938,0.0529974028468132,0.12398646026849747
D:\HCSDLDPT\HCSDLDPT_birds_classification\Bird_dataset_OZ_1\AMERICAN AVOCET\4.jpg,0.9983578324317932,0.010894006118178368,0.006536403670907021,0.0056915623135864735,0.038217950612306595,0.03837358206510544,0.007736967410892248,0.009737906977534294,0.9955739378929138,0.022642727941274643,0.01752985268831253,0.01584990881383419,0.011321363970637321,0.015582092106342316,0.021474070847034454,0.017042912542819977,0.014096924103796482,0.008570150472223759,0.0021912315860390663,0.0797608345746994,0.9953342080116272,0.0853002592921257,0.04509561136364937
D:\HCSDLDPT\HCSDLDPT_birds_classification\Bird_dataset_OZ_1\AMERICAN PIPIT\1.jpg,0.9993796944618225,0.006299461238086224,0.023388877511024475,0.0012130718678236008,0.0060866414569318295,0.024261437356472015,0.004022290930151939,0.0031922943890094757,0.9496671557426453,0.009850884787738323,0.052048999816179276,0.11621947586536407,0.14028777182102203,0.1497194766998291,0.09983626753091812,0.03891448676586151,0.016138684004545212,0.007650155108422041,0.005414493381977081,0.16701091825962067,0.9411249756813049,0.3128085136413574,0.12819749116897583
D:\HCSDLDPT\HCSDLDPT_birds_classification\Bird_dataset_OZ_1\AMERICAN PIPIT\3.jpg,0.9991317391395569,0.003973245620727539,0.01812659204006195,0.0023409933783113956,0.006679348181933165,0.03567330539226532,0.006228331476449966,0.005476635880768299,0.9646158218383789,0.02683570422232151,0.08686462044715881,0.10759839415550232,0.08667293936014175,0.056674450635910034,0.04165923595428467,0.019455885514616966,0.010318967513740063,0.006133875343948603,0.004664300940930843,0.19149191677570343,0.9754818677902222,0.1790240854024887,0.12800580263137817
D:\HCSDLDPT\HCSDLDPT_birds_classification\Bird_dataset_OZ_1\AMERICAN PIPIT\4.jpg,0.999360978603363,0.007886270992457867,0.020781388506293297,0.001662511145696044,0.006841872353106737,0.026728063821792603,0.0026855948381125927,0.003516850294545293,0.9561247825622559,0.06374165415763855,0.1280384212732315,0.1714036464691162,0.08882033079862595,0.03268718719482422,0.014792503789067268,0.008359560742974281,0.004636943805962801,0.003396071493625641,0.003069526283070445,0.16340328752994537,0.9596225023269653,0.16732583940029144,0.22611236572265625
D:\HCSDLDPT\HCSDLDPT_birds_classification\Bird_dataset_OZ_1\AMERICAN PIPIT\5.jpg,0.9920225739479065,0.12075778096914291,0.024695130065083504,0.0015698042698204517,0.0037487864028662443,0.02560889720916748,0.004123664926737547,0.003092748811468482,0.9501428604125977,0.178117036819458,0.19420839846134186,0.1065562441945076,0.03813523054122925,0.018478907644748688,0.015502657741308212,0.009550160728394985,0.005527318920940161,0.0032051908783614635,0.0022240099497139454,0.1194097176194191,0.940834641456604,0.32801175117492676,0.08507905900478363
D:\HCSDLDPT\HCSDLDPT_birds_classification\Bird_dataset_OZ_1\AMERICAN REDSTART\1.jpg,0.9681440591812134,0.23799124360084534,0.04983679577708244,0.0028379654977470636,0.004190640524029732,0.05925247445702553,0.004747624509036541,0.0038193180225789547,0.9612102508544922,0.03276009485125542,0.039102938026189804,0.05590471625328064,0.05863753706216812,0.057018086314201355,0.06106670945882797,0.057321734726428986,0.057524167001247406,0.06774693727493286,0.025236407294869423,0.21933408081531525,0.9919275045394897,0.101998470723629,0.07533951103687286
D:\HCSDLDPT\HCSDLDPT_birds_classification\Bird_dataset_OZ_1\AMERICAN REDSTART\2.jpg,0.9869577288627625,0.11798611283302307,0.05276528000831604,0.010327069088816643,0.06981939822435379,0.0639069527387619,0.006963545456528664,0.009775240905582905,0.9760820865631104,0.050388116389513016,0.05954686552286148,0.05936669185757637,0.04237046092748642,0.027296066284179688,0.02828701213002205,0.022851822897791862,0.01987898349761963,0.020179269835352898,0.019939040765166283,0.18053239583969116,0.9977673888206482,0.06280440092086792,0.022712349891662598
D:\HCSDLDPT\HCSDLDPT_birds_classification\Bird_dataset_OZ_1\AMERICAN ROBIN\2.jpg,0.9990341663360596,0.012034454382956028,0.024722956120967865,0.002223758026957512,0.0039460803382098675,0.021147502586245537,0.004621928092092276,0.026183659210801125,0.9578917622566223,0.10362288355827332,0.05252740904688835,0.03492514044046402,0.02535565011203289,0.025669977068901062,0.03370275720953941,0.04585670679807663,0.08860507607460022,0.1101888120174408,0.08392510563135147,0.19013245403766632,0.9283564686775208,0.27936694025993347,0.2451699674129486
D:\HCSDLDPT\HCSDLDPT_birds_classification\Bird_dataset_OZ_1\AMERICAN ROBIN\3.jpg,0.9989561438560486,0.02266913466155529,0.016941502690315247,0.002040880499407649,0.00721988920122385,0.029581794515252113,0.005793467164039612,0.01790708117187023,0.957324743270874,0.13798120617866516,0.11188723891973495,0.055890221148729324,0.034424103796482086,0.030045444145798683,0.04780927672982216,0.08536608517169952,0.08219778537750244,0.05289991572499275,0.026236364617943764,0.16414637863636017,0.9574912786483765,0.21419036388397217,0.1932174414396286
D:\HCSDLDPT\HCSDLDPT_birds_classification\Bird_dataset_OZ_1\AMERICAN ROBIN\4.jpg,0.9971402883529663,0.0032821514178067446,0.017700983211398125,0.0020145620219409466,0.0037348621990531683,0.021435845643281937,0.024989623576402664,0.06546194851398468,0.9884749054908752,0.06300157308578491,0.02585042081773281,0.019126486033201218,0.014690949581563473,0.01610354147851467,0.030709736049175262,0.03415646031498909,0.043620821088552475,0.047689083963632584,0.0342412143945694,0.09989845752716064,0.9746338725090027,0.22056934237480164,0.03792072460055351
D:\HCSDLDPT\HCSDLDPT_birds_classification\Bird_dataset_OZ_1\AMERICAN ROBIN\5.jpg,0.9861094355583191,0.14842966198921204,0.06286344677209854,0.002522530034184456,0.004720378201454878,0.03906175121665001,0.006418715231120586,0.0030470164492726326,0.9687021374702454,0.06241743266582489,0.05631648004055023,0.03572576865553856,0.020620044320821762,0.013668479397892952,0.014636418782174587,0.011937920935451984,0.013052517548203468,0.017217591404914856,0.03202999755740166,0.22541257739067078,0.9863295555114746,0.13651393353939056,0.09229282289743423
D:\HCSDLDPT\HCSDLDPT_birds_classification\Bird_dataset_OZ_1\ANDEAN LAPWING\2.jpg,0.9975057244300842,0.04209272935986519,0.02488761395215988,0.0015871030045673251,0.007774504367262125,0.04266776889562607,0.0192982517182827,0.01830918714404106,0.9908367991447449,0.03727535158395767,0.04409933090209961,0.0565158948302269,0.029040396213531494,0.008594110608100891,0.006670055910944939,0.004155957605689764,0.0028219467494636774,0.001949708559550345,0.0017188220517709851,0.10353978723287582,0.9886254072189331,0.13933677971363068,0.05661294609308243
D:\HCSDLDPT\HCSDLDPT_birds_classification\Bird_dataset_OZ_1\ANDEAN LAPWING\3.jpg,0.9900107383728027,0.005432089325040579,0.020233286544680595,0.002367194974794984,0.003712758421897888,0.10041890293359756,0.040267232805490494,0.0878353863954544,0.9806722402572632,0.09729915112257004,0.08657508343458176,0.0837346613407135,0.039215296506881714,0.019969947636127472,0.01292684581130743,0.008898075670003891,0.006927166134119034,0.004840321373194456,0.0035070590674877167,0.10973326861858368,0.9700093269348145,0.2154369056224823,0.11255595088005066
D:\HCSDLDPT\HCSDLDPT_birds_classification\Bird_dataset_OZ_1\ANDEAN LAPWING\4.jpg,0.9919360876083374,0.05558229237794876,0.03692655637860298,0.009058425202965736,0.03112711012363434,0.07821552455425262,0.021735088899731636,0.06299839913845062,0.9861158728599548,0.09849570691585541,0.059782154858112335,0.018909068778157234,0.011535058729350567,0.008901483379304409,0.00808507576584816,0.00492478534579277,0.003397311782464385,0.0031076185405254364,0.0014748020330443978,0.11669371277093887,0.9734742641448975,0.21998880803585052,0.06287182867527008
D:\HCSDLDPT\HCSDLDPT_birds_classification\Bird_dataset_OZ_1\ANDEAN LAPWING\5.jpg,0.9896685481071472,0.025699341669678688,0.035686396062374115,0.004595586564391851,0.01483938004821539,0.10919010639190674,0.03738085925579071,0.07114173471927643,0.9855648279190063,0.11376664787530899,0.047609154134988785,0.02281656302511692,0.011171157471835613,0.007693344261497259,0.008114897646009922,0.005137678701430559,0.00360954855568707,0.002819136483594775,0.0012910064542666078,0.11239659786224365,0.9812178015708923,0.16516703367233276,0.09965648502111435
D:\HCSDLDPT\HCSDLDPT_birds_classification\Bird_dataset_OZ_1\BANDED PITA\1.jpg,0.9307848215103149,0.3505983352661133,0.029673457145690918,0.007946153171360493,0.04662134125828743,0.08608821034431458,0.010585096664726734,0.008943087421357632,0.9584100246429443,0.04096604511141777,0.0481891892850399,0.07167313247919083,0.08493300527334213,0.08796881884336472,0.09159784018993378,0.06584576517343521,0.0457465797662735,0.032382018864154816,0.020483022555708885,0.202666774392128,0.9761737585067749,0.16431406140327454,0.14172407984733582
D:\HCSDLDPT\HCSDLDPT_birds_classification\Bird_dataset_OZ_1\BANDED PITA\3.jpg,0.9117091298103333,0.4028415083885193,0.05043091997504234,0.0016733371885493398,0.008078179322183132,0.061855774372816086,0.007385764271020889,0.0036351808812469244,0.7840086817741394,0.0038585918955504894,0.015291456133127213,0.011611503548920155,0.011111315339803696,0.015398639254271984,0.03251221030950546,0.05548512190580368,0.07191986590623856,0.09053399413824081,0.10407479852437973,0.5968669652938843,0.9814112186431885,0.18373484909534454,0.05543912947177887
D:\HCSDLDPT\HCSDLDPT_birds_classification\Bird_dataset_OZ_1\BLACK THROATED WARBLER\1.jpg,0.9225979447364807,0.07225126028060913,0.0856688991189003,0.06546276807785034,0.35112136602401733,0.0929354578256607,0.0058961110189557076,0.003218957921490073,0.9590455889701843,0.12210852652788162,0.1567269265651703,0.11773567646741867,0.09653398394584656,0.04783632978796959,0.021367335692048073,0.010700232349336147,0.004936020355671644,0.002550829201936722,0.0014907444128766656,0.121180959045887,0.98149573802948,0.19061508774757385,0.018219338729977608
D:\HCSDLDPT\HCSDLDPT_birds_classification\Bird_dataset_OZ_1\BLACK THROATED WARBLER\2.jpg,0.9493809342384338,0.005346722435206175,0.038440119475126266,0.012691430747509003,0.2928597033023834,0.10589324682950974,0.004446221981197596,0.00292662694118917,0.9778141379356384,0.016009097918868065,0.02230481058359146,0.03456646203994751,0.042091336101293564,0.0787263885140419,0.11143411695957184,0.0420013964176178,0.01948673091828823,0.013850567862391472,0.007584834937006235,0.13838575780391693,0.9866103529930115,0.1176072508096695,0.11299805343151093
D:\HCSDLDPT\HCSDLDPT_birds_classification\Bird_dataset_OZ_1\BLACK THROATED WARBLER\3.jpg,0.8797423243522644,0.14115695655345917,0.09276607632637024,0.03826726973056793,0.4325484037399292,0.09398090839385986,0.010461070574820042,0.004285664297640324,0.9496493935585022,0.0652829185128212,0.0613783523440361,0.09403806179761887,0.07933206856250763,0.07885768264532089,0.15184026956558228,0.11191879212856293,0.03787796199321747,0.014341077767312527,0.009049840271472931,0.17742066085338593,0.9813815355300903,0.18503305315971375,0.05150729790329933
D:\HCSDLDPT\HCSDLDPT_birds_classification\Bird_dataset_OZ_1\BLACK THROATED WARBLER\4.jpg,0.9694581031799316,0.012854328379034996,0.03834325447678566,0.014255121350288391,0.13238860666751862,0.20185141265392303,0.005246104206889868,0.0037629124708473682,0.9869430661201477,0.035359904170036316,0.03866510093212128,0.03422018140554428,0.03473305702209473,0.055732451379299164,0.04858069121837616,0.03063005395233631,0.022452542558312416,0.015756670385599136,0.010143534280359745,0.116451196372509,0.9921388626098633,0.1105848178267479,0.058578938245773315
D:\HCSDLDPT\HCSDLDPT_birds_classification\Bird_dataset_OZ_1\BLACK THROATED WARBLER\5.jpg,0.9640922546386719,0.09957718104124069,0.07416783273220062,0.03588958829641342,0.20781324803829193,0.10265257954597473,0.006867391988635063,0.007106257602572441,0.9828659296035767,0.11558141559362411,0.07635720819234848,0.07969183474779129,0.046204306185245514,0.018736058846116066,0.00969301350414753,0.0057084220461547375,0.0031085466034710407,0.0023455398622900248,0.0014694947749376297,0.07618765532970428,0.9774693250656128,0.19522418081760406,0.08025716245174408
D:\HCSDLDPT\HCSDLDPT_birds_classification\Bird_dataset_OZ_1\BLOOD PHEASANT\2.jpg,0.966076135635376,0.09127882122993469,0.043612636625766754,0.010207842104136944,0.03189580887556076,0.13820530474185944,0.013432929292321205,0.18989545106887817,0.9709979891777039,0.14985708892345428,0.07024651765823364,0.06638505309820175,0.05444668233394623,0.046208884567022324,0.0406741164624691,0.029540222138166428,0.023619305342435837,0.021238068118691444,0.012678482569754124,0.12871555984020233,0.9387016892433167,0.28656354546546936,0.1916259527206421
D:\HCSDLDPT\HCSDLDPT_birds_classification\Bird_dataset_OZ_1\BLOOD PHEASANT\3.jpg,0.9637930393218994,0.08822709321975708,0.04396184906363487,0.01064914371818304,0.06441063433885574,0.13555662333965302,0.019872333854436874,0.19584108889102936,0.9544715881347656,0.13932903110980988,0.11757001280784607,0.08197084069252014,0.06477764993906021,0.06256607919931412,0.05147255212068558,0.0423765704035759,0.0346003994345665,0.03046261891722679,0.02682422660291195,0.18338210880756378,0.968126118183136,0.22706538438796997,0.10570285469293594
D:\HCSDLDPT\HCSDLDPT_birds_classification\Bird_dataset_OZ_1\BLOOD PHEASANT\4.jpg,0.9776275753974915,0.16734720766544342,0.02653621882200241,0.0045881629921495914,0.009390977211296558,0.031956154853105545,0.009176325984299183,0.11966788023710251,0.925127387046814,0.11717122048139572,0.10815486311912537,0.10393620282411575,0.13230876624584198,0.12134852260351181,0.09144566208124161,0.07163450121879578,0.07473646104335785,0.06820167601108551,0.03614812716841698,0.22503656148910522,0.9039652347564697,0.320050448179245,0.28357455134391785
D:\HCSDLDPT\HCSDLDPT_birds_classification\Bird_dataset_OZ_1\BLOOD PHEASANT\5.jpg,0.9150922894477844,0.06767767667770386,0.09634032845497131,0.02897956594824791,0.3185287415981293,0.1586657613515854,0.04179677367210388,0.13972164690494537,0.9313939809799194,0.20966216921806335,0.2254246473312378,0.11125218123197556,0.04028581455349922,0.024945540353655815,0.024839987978339195,0.01762724295258522,0.013545885682106018,0.011082997545599937,0.007634954061359167,0.14770293235778809,0.9504766464233398,0.2929190695285797,0.10388705879449844
D:\HCSDLDPT\HCSDLDPT_birds_classification\Bird_dataset_OZ_1\CAPE GLOSSY STARLING\1.jpg,0.9489418268203735,0.01976674236357212,0.0171956829726696,0.010671275667846203,0.30656418204307556,0.06778748333454132,0.008708424866199493,0.007519655395299196,0.9849003553390503,0.026676766574382782,0.0306636244058609,0.03881322965025902,0.04285871610045433,0.057574912905693054,0.07835933566093445,0.07745056599378586,0.031367186456918716,0.007123576011508703,0.0030487733893096447,0.09207881987094879,0.9889320135116577,0.1338082253932953,0.06410116702318192
D:\HCSDLDPT\HCSDLDPT_birds_classification\Bird_dataset_OZ_1\CAPE GLOSSY STARLING\2.jpg,0.8967233896255493,0.011069553904235363,0.019692467525601387,0.05594450980424881,0.4345471262931824,0.05606386065483093,0.009697048924863338,0.013367008417844772,0.9750542044639587,0.0552542619407177,0.05908730626106262,0.05957455560564995,0.06486935168504715,0.08478167653083801,0.09465662389993668,0.07237301766872406,0.037258461117744446,0.014097795821726322,0.003410757053643465,0.10946905612945557,0.9730778336524963,0.20966871082782745,0.09570004045963287
D:\HCSDLDPT\HCSDLDPT_birds_classification\Bird_dataset_OZ_1\CAPE GLOSSY STARLING\3.jpg,0.8707786202430725,0.007897933945059776,0.04262377321720123,0.014040771871805191,0.4668556749820709,0.14633117616176605,0.014510887674987316,0.009527666494250298,0.9176419377326965,0.00965680181980133,0.01548599824309349,0.01952429674565792,0.023878635838627815,0.02826809138059616,0.040031831711530685,0.04354339465498924,0.0560094490647316,0.11321283131837845,0.1636037677526474,0.33110538125038147,0.9408426284790039,0.32795241475105286,0.08521959185600281
D:\HCSDLDPT\HCSDLDPT_birds_classification\Bird_dataset_OZ_1\CAPE GLOSSY STARLING\4.jpg,0.9293470978736877,0.0031183341052383184,0.014951298013329506,0.0022830660454928875,0.35997268557548523,0.08043631166219711,0.004259867127984762,0.0026450154837220907,0.9637070298194885,0.01058985386043787,0.013988316990435123,0.022666536271572113,0.02688427083194256,0.03152681514620781,0.036867257207632065,0.03662450984120369,0.03808099403977394,0.04248078912496567,0.054557472467422485,0.2445376217365265,0.9967597126960754,0.07991649210453033,0.009132076986134052
D:\HCSDLDPT\HCSDLDPT_birds_classification\Bird_dataset_OZ_1\CAPE GLOSSY STARLING\5.jpg,0.9516764879226685,0.017179004848003387,0.03568390756845474,0.006312419660389423,0.2787841260433197,0.11938831955194473,0.0228572990745306,0.014383092522621155,0.9686660766601562,0.023903056979179382,0.027699602767825127,0.02575577050447464,0.021291032433509827,0.01934720017015934,0.02648470737040043,0.03371333330869675,0.040941957384347916,0.047866858541965485,0.0683378353714943,0.21995671093463898,0.9863224625587463,0.16442954540252686,0.011442202143371105
D:\HCSDLDPT\HCSDLDPT_birds_classification\Bird_dataset_OZ_1\CEDAR WAXWING\1.jpg,0.9971421360969543,0.039133649319410324,0.014971058815717697,0.0013230238109827042,0.005965212360024452,0.03681255504488945,0.025717725977301598,0.04356694221496582,0.9867693781852722,0.05873993784189224,0.07494309544563293,0.06173430383205414,0.04667852073907852,0.0422009639441967,0.018553871661424637,0.010466286912560463,0.004169723950326443,0.0032182433642446995,0.002014900092035532,0.0946723222732544,0.9758400917053223,0.206717848777771,0.07073766738176346
D:\HCSDLDPT\HCSDLDPT_birds_classification\Bird_dataset_OZ_1\CEDAR WAXWING\3.jpg,0.9760045409202576,0.16572701930999756,0.08484049141407013,0.01962854154407978,0.08605491369962692,0.0695895329117775,0.008642206899821758,0.006608746480196714,0.9411207437515259,0.04467513784766197,0.058964088559150696,0.08346450328826904,0.0922931581735611,0.07630229741334915,0.06733181327581406,0.04995815083384514,0.037654757499694824,0.028400622308254242,0.019855616614222527,0.2790423333644867,0.9830924272537231,0.16509221494197845,0.07920707762241364
D:\HCSDLDPT\HCSDLDPT_birds_classification\Bird_dataset_OZ_1\CEDAR WAXWING\5.jpg,0.9993067383766174,0.007465540897101164,0.018480978906154633,0.002302054315805435,0.008605810813605785,0.028184030205011368,0.0073364535346627235,0.007831287570297718,0.9758170247077942,0.02294304594397545,0.038792893290519714,0.05436026677489281,0.052037715911865234,0.06274028867483139,0.09541293978691101,0.055960945785045624,0.047926172614097595,0.017544683068990707,0.005398363806307316,0.14588136970996857,0.9755702018737793,0.18858937919139862,0.11268030852079391
D:\HCSDLDPT\HCSDLDPT_birds_classification\Bird_dataset_OZ_1\EASTERN BLUEBIRD\1.jpg,0.9626308083534241,0.013045638799667358,0.025596916675567627,0.0015105475904420018,0.09016596525907516,0.25270089507102966,0.015352657064795494,0.017055455595254898,0.9669856429100037,0.04062362387776375,0.03492263704538345,0.03824549913406372,0.036746952682733536,0.04818150773644447,0.05642351135611534,0.050038404762744904,0.0453147254884243,0.047823160886764526,0.06166842207312584,0.2076137661933899,0.9788095355033875,0.17630667984485626,0.10415270179510117
D:\HCSDLDPT\HCSDLDPT_birds_classification\Bird_dataset_OZ_1\EASTERN BLUEBIRD\4.jpg,0.9735346436500549,0.005690332967787981,0.02316778339445591,0.002113552298396826,0.15805576741695404,0.16130739450454712,0.015011640265583992,0.020729070529341698,0.9544151425361633,0.06835433095693588,0.06663237512111664,0.08317816257476807,0.08164337277412415,0.07932247221469879,0.09141362458467484,0.09564366191625595,0.08909272402524948,0.06315101683139801,0.033540789037942886,0.1718965470790863,0.9325898289680481,0.2965264320373535,0.20578689873218536
D:\HCSDLDPT\HCSDLDPT_birds_classification\Bird_dataset_OZ_1\GOLDEN PIPIT\1.jpg,0.9940524697303772,0.09328282624483109,0.032248254865407944,0.0011144618038088083,0.007255857810378075,0.04355885833501816,0.00931879784911871,0.008939405903220177,0.9377581477165222,0.0042104157619178295,0.00743541494011879,0.011078469455242157,0.013646525330841541,0.016423607245087624,0.02293332852423191,0.025143049657344818,0.032787494361400604,0.03819235414266586,0.051659710705280304,0.33704230189323425,0.9780500531196594,0.04830360785126686,0.2026938945055008
D:\HCSDLDPT\HCSDLDPT_birds_classification\Bird_dataset_OZ_1\GREEN BROADBILL\1.jpg,0.8593533039093018,0.08418482542037964,0.5003770589828491,0.029566751793026924,0.004329858813434839,0.05403045564889908,0.014226679690182209,0.005752526689320803,0.9088722467422485,0.007285819388926029,0.016224440187215805,0.020541962236166,0.019496312364935875,0.020170925185084343,0.03136949986219406,0.04243315011262894,0.0557904876768589,0.07744555920362473,0.10662256926298141,0.3862158954143524,0.9693441390991211,0.2334626168012619,0.0765969529747963
D:\HCSDLDPT\HCSDLDPT_birds_classification\Bird_dataset_OZ_1\GREEN BROADBILL\2.jpg,0.7474987506866455,0.07248573750257492,0.6487090587615967,0.10598167032003403,0.007658116053789854,0.058434754610061646,0.017746852710843086,0.012153097428381443,0.8636037111282349,0.011778822168707848,0.018218455836176872,0.027103519067168236,0.04116474464535713,0.059750013053417206,0.08016935735940933,0.0992029532790184,0.12210848927497864,0.16673758625984192,0.14603294432163239,0.409161239862442,0.9432582259178162,0.3231963813304901,0.0762099102139473
D:\HCSDLDPT\HCSDLDPT_birds_classification\Bird_dataset_OZ_1\GREEN BROADBILL\3.jpg,0.7033581137657166,0.03177319094538689,0.7084357142448425,0.004378315061330795,0.004956009332090616,0.04268857091665268,0.02134428545832634,0.008665415458381176,0.7314875721931458,0.002287226263433695,0.004672476090490818,0.006698305252939463,0.008037966676056385,0.009181579574942589,0.014017429202795029,0.016239305958151817,0.02414657361805439,0.04685546085238457,0.10465693473815918,0.6712028384208679,0.9570531249046326,0.2826741337776184,0.06437879800796509
D:\HCSDLDPT\HCSDLDPT_birds_classification\Bird_dataset_OZ_1\GREEN BROADBILL\4.jpg,0.6330763101577759,0.04125707969069481,0.7707246541976929,0.039074163883924484,0.007110063452273607,0.03158988803625107,0.025602465495467186,0.016278302296996117,0.6985535025596619,0.009255260229110718,0.014247270300984383,0.02011379413306713,0.021753504872322083,0.027437837794423103,0.03647447004914284,0.041357167065143585,0.05425623059272766,0.08056449145078659,0.1311769187450409,0.6931242346763611,0.8887161016464233,0.4484829008579254,0.0951145738363266
D:\HCSDLDPT\HCSDLDPT_birds_classification\Bird_dataset_OZ_1\GREEN BROADBILL\5.jpg,0.8557048439979553,0.03755325824022293,0.4324648380279541,0.2715812921524048,0.04123630002140999,0.05813698470592499,0.019310154020786285,0.0111179668456316,0.8713529706001282,0.022305332124233246,0.029678689315915108,0.041979968547821045,0.03345799818634987,0.026603369042277336,0.02760377526283264,0.033198632299900055,0.05172465741634369,0.10474613308906555,0.18526023626327515,0.4312117099761963,0.9185886383056641,0.3523919880390167,0.17892670631408691
D:\HCSDLDPT\HCSDLDPT_birds_classification\Bird_dataset_OZ_1\HAWFINCH\3.jpg,0.9963330626487732,0.0353214293718338,0.038858287036418915,0.005611815489828587,0.030888564884662628,0.058499641716480255,0.009148674085736275,0.008441302925348282,0.9509729743003845,0.0419536828994751,0.034904371947050095,0.04698402062058449,0.05523103475570679,0.07162240147590637,0.09379693865776062,0.06820040196180344,0.04523880034685135,0.03271429240703583,0.019813362509012222,0.25558894872665405,0.9788515567779541,0.16164080798625946,0.1253870576620102
D:\HCSDLDPT\HCSDLDPT_birds_classification\Bird_dataset_OZ_1\HAWFINCH\4.jpg,0.996103048324585,0.009934302419424057,0.02679896354675293,0.0026018412318080664,0.0334927923977375,0.06566101312637329,0.017219457775354385,0.03500659018754959,0.9645472764968872,0.06606534868478775,0.0745021179318428,0.10005056113004684,0.11297786235809326,0.07433202117681503,0.05337617173790932,0.04204776883125305,0.03177396208047867,0.019765174016356468,0.008300692774355412,0.1592099964618683,0.9509410262107849,0.15940852463245392,0.26514172554016113
D:\HCSDLDPT\HCSDLDPT_birds_classification\Bird_dataset_OZ_1\HAWFINCH\5.jpg,0.9944473505020142,0.0384649820625782,0.03468717262148857,0.012486400082707405,0.0701102763414383,0.054140444844961166,0.008978432975709438,0.01756436750292778,0.9668028950691223,0.08759835362434387,0.08427771925926208,0.08826247602701187,0.08514108508825302,0.08919225633144379,0.05346222221851349,0.02762768417596817,0.015540571883320808,0.008633650839328766,0.006176380906254053,0.15344654023647308,0.9401949048042297,0.17662855982780457,0.29126593470573425
D:\HCSDLDPT\HCSDLDPT_birds_classification\Bird_dataset_OZ_1\HIMALAYAN BLUETAIL\1.jpg,0.9591224193572998,0.024585269391536713,0.0396689847111702,0.005047699902206659,0.202442467212677,0.18424105644226074,0.028415583074092865,0.046320073306560516,0.965358555316925,0.06141780689358711,0.04669865593314171,0.041385240852832794,0.030824413523077965,0.032474540174007416,0.04151725023984909,0.04557656869292259,0.05570835992693901,0.07207763940095901,0.05478428676724434,0.20811429619789124,0.9780009388923645,0.18564558029174805,0.0951308161020279
D:\HCSDLDPT\HCSDLDPT_birds_classification\Bird_dataset_OZ_1\HIMALAYAN BLUETAIL\2.jpg,0.9569109678268433,0.041023556143045425,0.0596315935254097,0.06157827749848366,0.271906316280365,0.03624272346496582,0.005639665760099888,0.00349258491769433,0.9778298139572144,0.05894634127616882,0.05364176630973816,0.028161928057670593,0.019728250801563263,0.015913724899291992,0.021426906809210777,0.024526208639144897,0.030367201194167137,0.0425259992480278,0.049559034407138824,0.17266689240932465,0.9688553214073181,0.24594400823116302,0.028825243934988976
D:\HCSDLDPT\HCSDLDPT_birds_classification\Bird_dataset_OZ_1\HIMALAYAN BLUETAIL\3.jpg,0.921119749546051,0.03526361659169197,0.05851990729570389,0.00774156441912055,0.2801814377307892,0.26084330677986145,0.014882761985063553,0.006920010317116976,0.951381504535675,0.05599616840481758,0.06419326364994049,0.07356631010770798,0.059939075261354446,0.046484775841236115,0.04261104390025139,0.038045573979616165,0.04164260998368263,0.04769531637430191,0.057137537747621536,0.25673845410346985,0.9526324272155762,0.1122308000922203,0.28265833854675293
D:\HCSDLDPT\HCSDLDPT_birds_classification\Bird_dataset_OZ_1\HIMALAYAN BLUETAIL\4.jpg,0.9631909728050232,0.013004893437027931,0.04067244753241539,0.0069740526378154755,0.23054388165473938,0.12524712085723877,0.02140805497765541,0.033098168671131134,0.9819024205207825,0.06330521404743195,0.04210614413022995,0.03168180584907532,0.030397014692425728,0.030864212661981583,0.04490932822227478,0.043507736176252365,0.028499025851488113,0.0136655168607831,0.005051569081842899,0.14924028515815735,0.9674006104469299,0.07531537115573883,0.24179255962371826
D:\HCSDLDPT\HCSDLDPT_birds_classification\Bird_dataset_OZ_1\HOOPOES\2.jpg,0.9988208413124084,0.039820242673158646,0.013280636630952358,0.0010399193270131946,0.003943027462810278,0.023593170568346977,0.003293077927082777,0.003271412802860141,0.9842122197151184,0.04465509578585625,0.04355178400874138,0.039603088051080704,0.035364046692848206,0.07679630815982819,0.06335332244634628,0.02952810749411583,0.01332684513181448,0.006416629068553448,0.0033970389049500227,0.11663167178630829,0.9861088395118713,0.127892404794693,0.1059853583574295
D:\HCSDLDPT\HCSDLDPT_birds_classification\Bird_dataset_OZ_1\HOOPOES\3.jpg,0.983265221118927,0.15374109148979187,0.077969990670681,0.004941031336784363,0.007502089720219374,0.057378049939870834,0.009209461510181427,0.004009737633168697,0.9645676612854004,0.03484363108873367,0.03546639531850815,0.04026167839765549,0.039420947432518005,0.05439841374754906,0.05916255712509155,0.04430964216589928,0.027245914563536644,0.019087709486484528,0.010555845685303211,0.23306934535503387,0.9829847812652588,0.05680747702717781,0.1746823787689209
D:\HCSDLDPT\HCSDLDPT_birds_classification\Bird_dataset_OZ_1\HOOPOES\4.jpg,0.9984081387519836,0.041916027665138245,0.018584778532385826,0.006796591449528933,0.018673913553357124,0.02549278922379017,0.004300794098526239,0.003944251220673323,0.9803119897842407,0.05261630564928055,0.05031798034906387,0.05755004286766052,0.05347434803843498,0.06033867597579956,0.07137063145637512,0.04440362751483917,0.022554222494363785,0.011920642107725143,0.005761133041232824,0.12699007987976074,0.9753977060317993,0.21707941591739655,0.038416359573602676
D:\HCSDLDPT\HCSDLDPT_birds_classification\Bird_dataset_OZ_1\HOOPOES\5.jpg,0.9988369941711426,0.018319454044103622,0.01186277624219656,0.002538896631449461,0.0034362655133008957,0.03889327123761177,0.008864251896739006,0.015452250838279724,0.9844154119491577,0.10645432025194168,0.08912200480699539,0.05259838327765465,0.025041641667485237,0.010415792465209961,0.005166889168322086,0.0037726492155343294,0.0023510712198913097,0.0015582680935040116,0.0008201411110349,0.0899968221783638,0.9774037599563599,0.12438853830099106,0.1709074229001999
D:\HCSDLDPT\HCSDLDPT_birds_classification\Bird_dataset_OZ_1\HOUSE FINCH\2.jpg,0.9995171427726746,0.006613022647798061,0.013395068235695362,0.0013310556532815099,0.006760917603969574,0.025945020839571953,0.0029579014517366886,0.003591737477108836,0.9733266234397888,0.03630919009447098,0.07480072230100632,0.0889069065451622,0.06338293850421906,0.05541262775659561,0.07078394293785095,0.03722640499472618,0.01707923412322998,0.009456835687160492,0.0056298221461474895,0.15466196835041046,0.9730188846588135,0.19667649269104004,0.12063407897949219
D:\HCSDLDPT\HCSDLDPT_birds_classification\Bird_dataset_OZ_1\HOUSE FINCH\3.jpg,0.9924196004867554,0.02955637499690056,0.03178887441754341,0.001989837968721986,0.004465002566576004,0.03516189381480217,0.013710469007492065,0.10849470645189285,0.9418665170669556,0.11620527505874634,0.1463933140039444,0.12429268658161163,0.09514819830656052,0.08120952546596527,0.07040146738290787,0.03931897506117821,0.028846338391304016,0.018522778525948524,0.010137215256690979,0.1976756900548935,0.9503123760223389,0.18997402489185333,0.2466096729040146
D:\HCSDLDPT\HCSDLDPT_birds_classification\Bird_dataset_OZ_1\HOUSE FINCH\4.jpg,0.9987770318984985,0.022005528211593628,0.019376354292035103,0.0032478037755936384,0.005413006525486708,0.022712532430887222,0.005435100290924311,0.03161637485027313,0.987641453742981,0.05888602137565613,0.056533899158239365,0.04825996980071068,0.02822544239461422,0.019398072734475136,0.018844634294509888,0.017848441377282143,0.016935264691710472,0.012867480516433716,0.008107896894216537,0.11492182314395905,0.984481930732727,0.13432787358760834,0.1129218265414238
D:\HCSDLDPT\HCSDLDPT_birds_classification\Bird_dataset_OZ_1\HOUSE FINCH\5.jpg,0.9995412230491638,0.0025450210087001324,0.014975660480558872,0.0017457581125199795,0.005258307792246342,0.02523987740278244,0.0035125496797263622,0.0025450210087001324,0.9418884515762329,0.02425369992852211,0.09617721289396286,0.18394210934638977,0.15877798199653625,0.09421069920063019,0.08208384364843369,0.05418844893574715,0.022760605439543724,0.009031408466398716,0.0024399368558079004,0.1575033813714981,0.9316362738609314,0.32182663679122925,0.16876482963562012
D:\HCSDLDPT\HCSDLDPT_birds_classification\Bird_dataset_OZ_1\INDIAN PITTA\1.jpg,0.9501023888587952,0.20818795263767242,0.22008872032165527,0.029857346788048744,0.021993808448314667,0.06296857446432114,0.011750116012990475,0.0067789130844175816,0.8858747482299805,0.013018687255680561,0.015367420390248299,0.022346509620547295,0.02150767669081688,0.022514276206493378,0.033821746706962585,0.033251337707042694,0.03526453673839569,0.058886073529720306,0.09814345836639404,0.4435748755931854,0.9608449339866638,0.243726909160614,0.1318112164735794
D:\HCSDLDPT\HCSDLDPT_birds_classification\Bird_dataset_OZ_1\INDIAN PITTA\3.jpg,0.9878391027450562,0.0962166115641594,0.1127224937081337,0.022016311064362526,0.0061706616543233395,0.04055368900299072,0.005942118354141712,0.0026917289942502975,0.9779894948005676,0.01406102068722248,0.021810727193951607,0.02565622515976429,0.029707208275794983,0.05665505304932594,0.09373035281896591,0.05595053359866142,0.022133631631731987,0.009158744476735592,0.006105829495936632,0.15995511412620544,0.9843325614929199,0.12140355259180069,0.12786956131458282
D:\HCSDLDPT\HCSDLDPT_birds_classification\Bird_dataset_OZ_1\IWI\1.jpg,0.9973637461662292,0.02613745629787445,0.045289505273103714,0.005158099811524153,0.012536726891994476,0.03719383105635643,0.006569060031324625,0.030347207561135292,0.865178108215332,0.009268436580896378,0.010790624655783176,0.016541114076972008,0.016507288441061974,0.015323364175856113,0.0214797705411911,0.024693280458450317,0.03301457688212395,0.08459985256195068,0.12495476007461548,0.4749228060245514,0.9639697074890137,0.09293218702077866,0.2492508888244629
D:\HCSDLDPT\HCSDLDPT_birds_classification\Bird_dataset_OZ_1\IWI\2.jpg,0.9990073442459106,0.009881616570055485,0.022896429523825645,0.003308479208499193,0.009859706275165081,0.031069030985236168,0.008829914964735508,0.014526634477078915,0.9202417135238647,0.005436528008431196,0.007061237469315529,0.01324763149023056,0.015997139737010002,0.015309762209653854,0.01977771334350109,0.01968398131430149,0.02365202084183693,0.058520786464214325,0.09698265790939331,0.3718085289001465,0.9717452526092529,0.1890030950307846,0.14138251543045044
D:\HCSDLDPT\HCSDLDPT_birds_classification\Bird_dataset_OZ_1\IWI\3.jpg,0.9891235828399658,0.0043242862448096275,0.03972779959440231,0.005993308965116739,0.011961329728364944,0.09091116487979889,0.021267395466566086,0.1055530458688736,0.9648408889770508,0.011314219795167446,0.018984878435730934,0.02946810983121395,0.0358283631503582,0.03566855937242508,0.02930830419063568,0.0374264158308506,0.10022992640733719,0.129026859998703,0.022628439590334892,0.18895386159420013,0.9823956489562988,0.08841338753700256,0.16456560790538788
D:\HCSDLDPT\HCSDLDPT_birds_classification\Bird_dataset_OZ_1\LARK BUNTING\1.jpg,0.9886114001274109,0.09408203512430191,0.031027333810925484,0.009395045228302479,0.02671140246093273,0.09345043450593948,0.025948219001293182,0.0512385219335556,0.9875423908233643,0.07929326593875885,0.037498943507671356,0.030594710260629654,0.01491525024175644,0.008090074174106121,0.013624000363051891,0.011094206012785435,0.006772472523152828,0.004796070046722889,0.0037156366743147373,0.12430253624916077,0.999228298664093,0.023911720141768456,0.031160879880189896
D:\HCSDLDPT\HCSDLDPT_birds_classification\Bird_dataset_OZ_1\LARK BUNTING\2.jpg,0.9966138601303101,0.04868670925498009,0.013699723407626152,0.017915021628141403,0.044424571096897125,0.04299605265259743,0.0042621358297765255,0.006440040655434132,0.9975002408027649,0.03152260556817055,0.023192796856164932,0.026039397343993187,0.011316404677927494,0.006883174180984497,0.010289762169122696,0.00676651019603014,0.004783222917467356,0.0018899563001468778,0.001283303601667285,0.0492788590490818,0.9997082948684692,0.02028077282011509,0.013115586712956429
D:\HCSDLDPT\HCSDLDPT_birds_classification\Bird_dataset_OZ_1\LARK BUNTING\4.jpg,0.9791284203529358,0.0641607865691185,0.05920562893152237,0.033917222172021866,0.13401716947555542,0.11678801476955414,0.015093306079506874,0.02659839205443859,0.977985680103302,0.09880376607179642,0.06190558522939682,0.08200957626104355,0.07462381571531296,0.047011468559503555,0.037112705409526825,0.02096208930015564,0.009960057213902473,0.006895424332469702,0.004413071554154158,0.11602700501680374,0.997143566608429,0.06397855281829834,0.040142972022295
D:\HCSDLDPT\HCSDLDPT_birds_classification\Bird_dataset_OZ_1\LESSER ADJUTANT\1.jpg,0.9449456930160522,0.018826397135853767,0.0319630391895771,0.01079380139708519,0.318905234336853,0.06163901835680008,0.008255723863840103,0.004127861931920052,0.9787628054618835,0.05380640923976898,0.04645306617021561,0.02628304250538349,0.03009260818362236,0.1011454164981842,0.07019639760255814,0.018870634958148003,0.008682264015078545,0.004075348377227783,0.0028350248467177153,0.14056998491287231,0.9859220385551453,0.16232697665691376,0.0400962308049202
D:\HCSDLDPT\HCSDLDPT_birds_classification\Bird_dataset_OZ_1\LESSER ADJUTANT\2.jpg,0.9811983108520508,0.04478387534618378,0.058586202561855316,0.04907197505235672,0.16828122735023499,0.03197316825389862,0.003993295598775148,0.0068609644658863544,0.9897239804267883,0.0546921081840992,0.029511284083127975,0.045496560633182526,0.054104018956422806,0.02371060475707054,0.01721491478383541,0.011467699892818928,0.006896658800542355,0.0037691041361540556,0.0020583050791174173,0.10262121260166168,0.9888526201248169,0.14551040530204773,0.0315791517496109
D:\HCSDLDPT\HCSDLDPT_birds_classification\Bird_dataset_OZ_1\MYNA\1.jpg,0.9990809559822083,0.008099840953946114,0.022188395261764526,0.0015079492004588246,0.006699603050947189,0.03453203663229942,0.0037052466068416834,0.005083942785859108,0.945112943649292,0.019113045185804367,0.05971131846308708,0.08810977637767792,0.2076001912355423,0.09715797752141953,0.04229269549250603,0.017960838973522186,0.011115387082099915,0.007590996101498604,0.004066605120897293,0.20055140554904938,0.966170608997345,0.254092276096344,0.04417571797966957
D:\HCSDLDPT\HCSDLDPT_birds_classification\Bird_dataset_OZ_1\MYNA\3.jpg,0.9976685643196106,0.007920299656689167,0.02709810622036457,0.0018688348354771733,0.011101769283413887,0.06069263815879822,0.005406272131949663,0.004560846835374832,0.9061504006385803,0.006202487275004387,0.0163319930434227,0.024809949100017548,0.03310440108180046,0.05773084610700607,0.13241760432720184,0.17326593399047852,0.09733133763074875,0.03938028961420059,0.016111787408590317,0.3386778235435486,0.9716434478759766,0.23278620839118958,0.041466984897851944
D:\HCSDLDPT\HCSDLDPT_birds_classification\Bird_dataset_OZ_1\MYNA\4.jpg,0.9980876445770264,0.03663422912359238,0.023991741240024567,0.0011594521347433329,0.007358062081038952,0.0424983836710453,0.005150643177330494,0.0039020024705678225,0.9446183443069458,0.027000101283192635,0.029661590233445168,0.035299744457006454,0.046506013721227646,0.05697686970233917,0.10407821834087372,0.07165008038282394,0.06215976923704147,0.05746714398264885,0.05007801204919815,0.2716469466686249,0.9659358859062195,0.2553979456424713,0.041710466146469116
D:\HCSDLDPT\HCSDLDPT_birds_classification\Bird_dataset_OZ_1\MYNA\5.jpg,0.9939690232276917,0.08564726263284683,0.04303739592432976,0.001235068659298122,0.005629063118249178,0.05246666818857193,0.006341602653264999,0.0034201901871711016,0.9653512835502625,0.027659211307764053,0.035342324525117874,0.0564388781785965,0.05855173245072365,0.05093264579772949,0.07599880546331406,0.06713121384382248,0.03316544368863106,0.015270189382135868,0.007843179628252983,0.21259817481040955,0.9971005320549011,0.07036300003528595,0.02897557057440281
D:\HCSDLDPT\HCSDLDPT_birds_classification\Bird_dataset_OZ_1\NORTHERN PARULA\1.jpg,0.9612786769866943,0.12256361544132233,0.05436009168624878,0.01943293586373329,0.23452743887901306,0.050218645483255386,0.007066522259265184,0.003707027994096279,0.9723370671272278,0.07174357026815414,0.0741412490606308,0.07473288476467133,0.05863417312502861,0.05502208322286606,0.028273940086364746,0.015974152833223343,0.014074692502617836,0.011863845400512218,0.011427903547883034,0.17418989539146423,0.9745692014694214,0.1822202503681183,0.1304248571395874
D:\HCSDLDPT\HCSDLDPT_birds_classification\Bird_dataset_OZ_1\NORTHERN PARULA\2.jpg,0.9715621471405029,0.054463181644678116,0.03953111916780472,0.006617290899157524,0.17544451355934143,0.13784104585647583,0.025692351162433624,0.032453496009111404,0.9685810804367065,0.07405605912208557,0.0661492794752121,0.09273350238800049,0.08386171609163284,0.023720351979136467,0.016311634331941605,0.013821307569742203,0.012825177051126957,0.010801787488162518,0.012233724817633629,0.18683668971061707,0.9704194664955139,0.15650326013565063,0.1838279813528061
D:\HCSDLDPT\HCSDLDPT_birds_classification\Bird_dataset_OZ_1\NORTHERN PARULA\4.jpg,0.9549815058708191,0.060510747134685516,0.021252833306789398,0.003846022067591548,0.27534669637680054,0.0879741907119751,0.013275898061692715,0.012278781272470951,0.9726312160491943,0.05182400718331337,0.04494359716773033,0.06732071191072464,0.10929752141237259,0.08117621392011642,0.036737602204084396,0.019789069890975952,0.014833911322057247,0.013760820031166077,0.017137901857495308,0.15417799353599548,0.9652189016342163,0.20575156807899475,0.16130349040031433
D:\HCSDLDPT\HCSDLDPT_birds_classification\Bird_dataset_OZ_1\OCELLATED TURKEY\1.jpg,0.9977962970733643,0.044733766466379166,0.019416650757193565,0.018661940470337868,0.02943372167646885,0.005991946440190077,0.003956514410674572,0.027535509318113327,0.9934437274932861,0.06164111942052841,0.05045739561319351,0.050196096301078796,0.039926931262016296,0.0304678026586771,0.025346284732222557,0.021844839677214622,0.021113194525241852,0.009380738250911236,0.0026391493156552315,0.004651173949241638,0.9850802421569824,0.16902358829975128,0.032371751964092255
D:\HCSDLDPT\HCSDLDPT_birds_classification\Bird_dataset_OZ_1\ORANGE BREASTED TROGON\3.jpg,0.9947983622550964,0.10126543045043945,0.00812444742769003,0.003571185516193509,0.003571185516193509,0.002499829977750778,0.0014284742064774036,0.0046648611314594746,0.9920507669448853,0.029620511457324028,0.018092669546604156,0.015624294057488441,0.00879687163978815,0.0070900158025324345,0.010031059384346008,0.01394369825720787,0.025287723168730736,0.04989270493388176,0.07166168093681335,0.07549554109573364,0.9889271855354309,0.13477958738803864,0.06210779398679733
D:\HCSDLDPT\HCSDLDPT_birds_classification\Bird_dataset_OZ_1\ORANGE BRESTED BUNTING\2.jpg,0.9591478705406189,0.08725018799304962,0.010490894317626953,0.03682798147201538,0.2660897374153137,0.011287324130535126,0.0025815290864557028,0.0043117026798427105,0.9850122332572937,0.0199001245200634,0.022625768557190895,0.02338777668774128,0.02036905288696289,0.023270543664693832,0.03385072946548462,0.04123634099960327,0.05208029970526695,0.06424311548471451,0.074706070125103,0.10987565666437149,0.9613897800445557,0.19970080256462097,0.18933896720409393
D:\HCSDLDPT\HCSDLDPT_birds_classification\Bird_dataset_OZ_1\ORANGE BRESTED BUNTING\3.jpg,0.9828925132751465,0.16821949183940887,0.010025659576058388,0.03501423820853233,0.06554464250802994,0.0008312733261846006,0.0003778515092562884,0.001032794127240777,0.9751678705215454,0.015203247778117657,0.018221743404865265,0.028246471658349037,0.014067850075662136,0.013264764100313187,0.023926421999931335,0.013597075827419758,0.01689249649643898,0.025200283154845238,0.03497577831149101,0.2107408195734024,0.9784915447235107,0.10344333201646805,0.17847618460655212
D:\HCSDLDPT\HCSDLDPT_birds_classification\Bird_dataset_OZ_1\ORANGE BRESTED BUNTING\4.jpg,0.9695274829864502,0.22962011396884918,0.015447408892214298,0.012676808051764965,0.08301348984241486,0.0005488927126862109,0.00026137748500332236,0.00039206622750498354,0.9861044883728027,0.01938154548406601,0.015768036246299744,0.01938154548406601,0.016315538436174393,0.015028909780085087,0.02803206443786621,0.03410932794213295,0.031234946101903915,0.028716441243886948,0.03386295214295387,0.14563533663749695,0.9769049286842346,0.07492773234844208,0.2001066952943802
D:\HCSDLDPT\HCSDLDPT_birds_classification\Bird_dataset_OZ_1\OSPREY\1.jpg,0.9963646531105042,0.013658679090440273,0.001482685562223196,0.002493607345968485,0.08130058646202087,0.018511103466153145,0.0035045293625444174,0.00988456979393959,0.965082049369812,0.06878365576267242,0.06979040056467056,0.13724254071712494,0.16250868141651154,0.09612824022769928,0.053714901208877563,0.02296035923063755,0.01084690261632204,0.006754957139492035,0.005261072423309088,0.030429784208536148,0.9931644201278687,0.11379867792129517,0.025965968146920204
D:\HCSDLDPT\HCSDLDPT_birds_classification\Bird_dataset_OZ_1\OSPREY\3.jpg,0.9915501475334167,0.10961034148931503,0.015171067789196968,0.01688995771110058,0.049598678946495056,0.023790426552295685,0.00876882765442133,0.034577082842588425,0.9800119996070862,0.10023567825555801,0.07467301934957504,0.09370967745780945,0.08667243272066116,0.06748540699481964,0.04610299691557884,0.024570221081376076,0.012570810504257679,0.00610496336594224,0.003999803680926561,0.012841474264860153,0.9721839427947998,0.1963123381137848,0.1277489811182022
D:\HCSDLDPT\HCSDLDPT_birds_classification\Bird_dataset_OZ_1\OSPREY\4.jpg,0.9993687868118286,0.026217350736260414,0.002577010076493025,0.0017677012365311384,0.01925303414463997,0.00379097368568182,0.0024705221876502037,0.013183217495679855,0.9689719676971436,0.05729040503501892,0.08493205904960632,0.08616448938846588,0.08824200928211212,0.07862905412912369,0.08785467594861984,0.08253762125968933,0.07683322578668594,0.05669179558753967,0.03077554516494274,0.06788930296897888,0.9677663445472717,0.24621519446372986,0.05297502502799034
D:\HCSDLDPT\HCSDLDPT_birds_classification\Bird_dataset_OZ_1\OSPREY\5.jpg,0.9906660914421082,0.08024858683347702,0.024114230647683144,0.022528093308210373,0.10401584953069687,0.01387869380414486,0.0021313708275556564,0.005948011763393879,0.9816969037055969,0.060496244579553604,0.10421355813741684,0.11975493282079697,0.06561914086341858,0.041299767792224884,0.027398869395256042,0.009497507475316525,0.0049789962358772755,0.0038853439036756754,0.0026477898936718702,0.022592555731534958,0.9880675077438354,0.14853042364120483,0.04075787216424942
D:\HCSDLDPT\HCSDLDPT_birds_classification\Bird_dataset_OZ_1\OSTRICH\2.jpg,0.9858531951904297,0.015529409050941467,0.009010580368340015,0.0030706448014825583,0.05610219016671181,0.15375876426696777,0.010042518377304077,0.029523495584726334,0.9962363243103027,0.041269466280937195,0.0213052686303854,0.02148238942027092,0.022165575996041298,0.022671639919281006,0.027124997228384018,0.032919421792030334,0.029857737943530083,0.028769701719284058,0.015865087509155273,0.009944145567715168,0.9990767240524292,0.04189338907599449,0.009525982663035393
D:\HCSDLDPT\HCSDLDPT_birds_classification\Bird_dataset_OZ_1\OSTRICH\5.jpg,0.9834932684898376,0.15357930958271027,0.0202664565294981,0.01547196228057146,0.0813768208026886,0.04333186149597168,0.0009848149493336678,0.0018659653142094612,0.9908455610275269,0.05489683896303177,0.0648588165640831,0.08131197094917297,0.05277727171778679,0.028004806488752365,0.019764982163906097,0.00951156672090292,0.005378406494855881,0.0027819345705211163,0.0018811175832524896,0.01738046668469906,0.9962661862373352,0.08535996824502945,0.012935972772538662
D:\HCSDLDPT\HCSDLDPT_birds_classification\Bird_dataset_OZ_1\OVENBIRD\2.jpg,0.9724293947219849,0.21357068419456482,0.07613535970449448,0.047162074595689774,0.026397883892059326,0.006626298185437918,0.001663281349465251,0.002092515118420124,0.993808388710022,0.07508886605501175,0.0458272248506546,0.04200828820466995,0.02885698899626732,0.032600052654743195,0.02759244106709957,0.010268131271004677,0.0038948082365095615,0.0009104746859520674,0.0001770367380231619,0.007966653443872929,0.9870362877845764,0.12161420285701752,0.10473476350307465
D:\HCSDLDPT\HCSDLDPT_birds_classification\Bird_dataset_OZ_1\OVENBIRD\3.jpg,0.9953587651252747,0.05215999111533165,0.0031087163370102644,0.0009492263779975474,0.0040579428896307945,0.05840115249156952,0.047366395592689514,0.02930736355483532,0.9889633059501648,0.08530328422784805,0.07268650829792023,0.07714105397462845,0.048759978264570236,0.024833446368575096,0.017578132450580597,0.00808220636099577,0.0047212885692715645,0.0025873729027807713,0.0012803494464606047,0.006455095484852791,0.9551385641098022,0.2522740960121155,0.15513907372951508
D:\HCSDLDPT\HCSDLDPT_birds_classification\Bird_dataset_OZ_1\OVENBIRD\4.jpg,0.994297206401825,0.016163170337677002,9.535793651593849e-05,0.00019071587303187698,0.003361367154866457,0.06641680002212524,0.058907363563776016,0.05673797056078911,0.9751001596450806,0.14973944425582886,0.09990669041872025,0.0935155600309372,0.06535839289426804,0.04422544315457344,0.03376448154449463,0.018932227045297623,0.013566087000072002,0.007898476906120777,0.004280854016542435,0.006360987201333046,0.9313855767250061,0.34036335349082947,0.1291264444589615
D:\HCSDLDPT\HCSDLDPT_birds_classification\Bird_dataset_OZ_1\OVENBIRD\5.jpg,0.9597447514533997,0.2808542847633362,0.003152319462969899,0.0005212496616877615,0.0,0.0001489284768467769,0.00022339270799420774,0.0007942852098494768,0.9708243608474731,0.06667372584342957,0.07047361880540848,0.10147945582866669,0.12472584843635559,0.12031924724578857,0.07966998964548111,0.03017560765147209,0.011718993075191975,0.00549228023737669,0.0026503445114940405,0.018009569495916367,0.9609127640724182,0.2734004557132721,0.04357597976922989
D:\HCSDLDPT\HCSDLDPT_birds_classification\Bird_dataset_OZ_1\OYSTER CATCHER\1.jpg,0.9996660351753235,0.0020272538531571627,0.00020899524679407477,0.0003761914267670363,0.017409304156899452,0.0167614184319973,0.00453519681468606,0.007670125458389521,0.9881035089492798,0.07279022783041,0.0901421383023262,0.09721717238426208,0.026544291526079178,0.0026337720919400454,0.0036666239611804485,0.0022464527282863855,0.003201840678229928,0.003873194335028529,0.004544547758996487,0.0006455323891714215,0.9885988235473633,0.09565850347280502,0.11628323048353195
D:\HCSDLDPT\HCSDLDPT_birds_classification\Bird_dataset_OZ_1\OYSTER CATCHER\2.jpg,0.9947598576545715,0.10055171698331833,0.014605654403567314,0.010329730808734894,0.002475534565746784,0.0025205444544553757,0.0010127187706530094,0.002948136767372489,0.9921792149543762,0.09309259802103043,0.034471094608306885,0.03467750921845436,0.050829384475946426,0.036251410841941833,0.01973831281065941,0.0077921184711158276,0.004618507344275713,0.00479911919683218,0.008024333976209164,0.008153342641890049,0.9903984069824219,0.11036413908004761,0.08325094729661942
D:\HCSDLDPT\HCSDLDPT_birds_classification\Bird_dataset_OZ_1\OYSTER CATCHER\3.jpg,0.9999545812606812,0.008094831369817257,0.0019225225551053882,0.00034403035533614457,8.094831719063222e-05,0.0,0.0004047415859531611,0.004614054225385189,0.9928757548332214,0.031238552182912827,0.03294839709997177,0.05881315842270851,0.054063595831394196,0.0284702368080616,0.0260547436773777,0.03609667718410492,0.040900520980358124,0.027194639667868614,0.01601281203329563,0.01712556555867195,0.9940562844276428,0.0517834797501564,0.09576303511857986
D:\HCSDLDPT\HCSDLDPT_birds_classification\Bird_dataset_OZ_1\OYSTER CATCHER\4.jpg,0.9998267889022827,0.018388602882623672,0.00014254730194807053,2.0363901057862677e-05,6.109170499257743e-05,0.00024436681997030973,0.0002647307119332254,0.0028305822052061558,0.9904267191886902,0.06457388401031494,0.0540778748691082,0.05377483740448952,0.03250733017921448,0.05129546672105789,0.05975288152694702,0.03735588118433952,0.01264480035752058,0.0062535288743674755,0.006363723427057266,0.013250869698822498,0.9830439686775208,0.15570607781410217,0.09685149788856506
D:\HCSDLDPT\HCSDLDPT_birds_classification\Bird_dataset_OZ_1\PAINTED BUNTING\2.jpg,0.9764671921730042,0.20628631114959717,0.0026940845418721437,0.0010323127498850226,0.009366350248456001,0.062014300376176834,0.0020646254997700453,0.0034242570400238037,0.9689412713050842,0.008410303853452206,0.015705987811088562,0.04380788654088974,0.06528962403535843,0.08062407374382019,0.09882950782775879,0.08444079756736755,0.100822314620018,0.11929795891046524,0.0762331560254097,0.03235771507024765,0.922620952129364,0.37186020612716675,0.10242372751235962
D:\HCSDLDPT\HCSDLDPT_birds_classification\Bird_dataset_OZ_1\PAINTED BUNTING\3.jpg,0.9972180724143982,0.03537401929497719,0.010541320778429508,0.003932987339794636,0.015228892676532269,0.060138117522001266,0.009306545369327068,0.015594751574099064,0.9877099990844727,0.013942332938313484,0.013750214129686356,0.014408906921744347,0.018168946728110313,0.022505341097712517,0.03932945430278778,0.03946668282151222,0.022505341097712517,0.02835123986005783,0.050225336104631424,0.12674349546432495,0.9691731929779053,0.08866892755031586,0.2298719584941864
D:\HCSDLDPT\HCSDLDPT_birds_classification\Bird_dataset_OZ_1\PAINTED BUNTING\4.jpg,0.9983486533164978,0.04710368812084198,0.005296975839883089,0.0010725281899794936,0.0030862546991556883,0.030665550380945206,0.003064366290345788,0.009630865417420864,0.9976363182067871,0.012643667869269848,0.022326629608869553,0.020919080823659897,0.014657918363809586,0.014949134550988674,0.02108895778656006,0.02378271520137787,0.021719928830862045,0.02293333224952221,0.031621303409338,0.013395978137850761,0.9912888407707214,0.12867878377437592,0.028074122965335846
D:\HCSDLDPT\HCSDLDPT_birds_classification\Bird_dataset_OZ_1\PAINTED BUNTING\5.jpg,0.9862208366394043,0.13848668336868286,0.007846559397876263,0.0037959006149321795,0.03882518410682678,0.07928082346916199,0.007591801229864359,0.01622811146080494,0.9665018916130066,0.023659195750951767,0.03006548248231411,0.03599723055958748,0.03735305741429329,0.04097989574074745,0.058809034526348114,0.06409676373004913,0.0729096457362175,0.1006702184677124,0.1168045699596405,0.1529034823179245,0.9217188954353333,0.33727556467056274,0.1915188729763031
D:\HCSDLDPT\HCSDLDPT_birds_classification\Bird_dataset_OZ_1\PALILA\1.jpg,0.985045313835144,0.16406355798244476,0.0030737328343093395,0.0015245714457705617,0.015048995614051819,0.04898300766944885,0.007032700814306736,0.00904906913638115,0.996435821056366,0.030545944347977638,0.02775762230157852,0.034514907747507095,0.02627554163336754,0.01773473434150219,0.01753377355635166,0.014444011263549328,0.021226417273283005,0.041498273611068726,0.01672993414103985,0.015725132077932358,0.9896662831306458,0.08728162199258804,0.11376511305570602
D:\HCSDLDPT\HCSDLDPT_birds_classification\Bird_dataset_OZ_1\PALILA\2.jpg,0.9450014233589172,0.25873032212257385,0.028829950839281082,0.05967060849070549,0.1887696534395218,0.002247257623821497,8.870754390954971e-05,0.000325260974932462,0.9857368469238281,0.1378544270992279,0.06165711209177971,0.03909760341048241,0.021643811836838722,0.0202841367572546,0.022420767694711685,0.020311884582042694,0.028220200911164284,0.033520158380270004,0.01531715877354145,0.0062434072606265545,0.9342253804206848,0.33822450041770935,0.1132570132613182
D:\HCSDLDPT\HCSDLDPT_birds_classification\Bird_dataset_OZ_1\PALILA\3.jpg,0.978803277015686,0.17899394035339355,0.002902326639741659,0.0007705292082391679,0.0028252736665308475,0.09760036319494247,0.012328467331826687,0.014511633664369583,0.9873273968696594,0.11676190793514252,0.04512917995452881,0.030639449134469032,0.020651383325457573,0.018288008868694305,0.02554694190621376,0.0242808498442173,0.03364993631839752,0.06527412682771683,0.03218689560890198,0.01198568008840084,0.9335964918136597,0.3544471263885498,0.05258193239569664
D:\HCSDLDPT\HCSDLDPT_birds_classification\Bird_dataset_OZ_1\PALILA\4.jpg,0.9852392077445984,0.1006184071302414,0.0035601037088781595,0.0004937369958497584,0.0013512802543118596,0.11129871755838394,0.07933574169874191,0.021984290331602097,0.9880950450897217,0.1373516172170639,0.040850721299648285,0.028116310015320778,0.014772976748645306,0.014614127576351166,0.02250363864004612,0.015911396592855453,0.013131534680724144,0.013713981956243515,0.016705641523003578,0.022636013105511665,0.9798179268836975,0.16483621299266815,0.11307423561811447
D:\HCSDLDPT\HCSDLDPT_birds_classification\Bird_dataset_OZ_1\PARUS MAJOR\3.jpg,0.95887291431427,0.2600506544113159,0.023099053651094437,0.01912502385675907,0.10889948159456253,0.013301963917911053,0.0005795461474917829,0.000800325651653111,0.989342212677002,0.08424080163240433,0.06886523216962814,0.049429211765527725,0.04869833216071129,0.04807572811841965,0.042282819747924805,0.02081657387316227,0.0035190568305552006,0.0008932990022003651,0.0005684630014002323,0.0015159014146775007,0.9866711497306824,0.14715053141117096,0.06947442889213562
D:\HCSDLDPT\HCSDLDPT_birds_classification\Bird_dataset_OZ_1\PARUS MAJOR\4.jpg,0.9758516550064087,0.1796117126941681,0.004179524723440409,0.0034784432500600815,0.06579381227493286,0.10429937392473221,0.013131797313690186,0.006633310578763485,0.9870049357414246,0.0937991514801979,0.07187134027481079,0.07257596403360367,0.03664029389619827,0.034216396510601044,0.05380485951900482,0.024774475023150444,0.008793670684099197,0.0048477924428880215,0.004791422747075558,0.021082261577248573,0.9856178164482117,0.15260618925094604,0.07258687913417816
D:\HCSDLDPT\HCSDLDPT_birds_classification\Bird_dataset_OZ_1\PATAGONIAN SIERRA FINCH\1.jpg,0.9860603213310242,0.14384566247463226,0.00446281535550952,0.006435330957174301,0.08274701237678528,0.008358532562851906,0.001775263692252338,0.003476558020338416,0.9948256611824036,0.050441354513168335,0.03998557850718498,0.01568366400897503,0.010559299029409885,0.014260229654610157,0.02277495712041855,0.0237584225833416,0.02225734479725361,0.025363020598888397,0.027071142569184303,0.051605984568595886,0.9872021079063416,0.125065878033638,0.09894712269306183
D:\HCSDLDPT\HCSDLDPT_birds_classification\Bird_dataset_OZ_1\PATAGONIAN SIERRA FINCH\2.jpg,0.9780055284500122,0.15395572781562805,0.013514278456568718,0.005432472098618746,0.06543051451444626,0.1237158551812172,0.0017127005849033594,0.000990155036561191,0.9909590482711792,0.027026915922760963,0.04086112603545189,0.07059352099895477,0.061166178435087204,0.02323366515338421,0.01907782256603241,0.017515895888209343,0.028365710750222206,0.038657695055007935,0.04183733090758324,0.04019172862172127,0.9748137593269348,0.17532067000865936,0.13784363865852356
D:\HCSDLDPT\HCSDLDPT_birds_classification\Bird_dataset_OZ_1\PATAGONIAN SIERRA FINCH\3.jpg,0.9811143279075623,0.05975662171840668,0.003616916248574853,0.0009817343670874834,0.00849975273013115,0.17751307785511017,0.04094865918159485,0.0238716471940279,0.9834144115447998,0.13597020506858826,0.0873754695057869,0.03335645794868469,0.017838574945926666,0.021725036203861237,0.026114780455827713,0.05097135156393051,0.039479732513427734,0.005619990173727274,0.0005871631437912583,0.00047532253665849566,0.9556052684783936,0.26413771510124207,0.1305752545595169
D:\HCSDLDPT\HCSDLDPT_birds_classification\Bird_dataset_OZ_1\PEACOCK\1.jpg,0.8920592069625854,0.059643883258104324,0.33443892002105713,0.28239211440086365,0.09499704092741013,0.007263891864567995,0.001066259341314435,3.3320604416076094e-05,0.9401240348815918,0.017308205366134644,0.07085546851158142,0.19478942453861237,0.20535464584827423,0.1241142600774765,0.0956638976931572,0.05098709091544151,0.02736859954893589,0.020012613385915756,0.016154324635863304,0.04655186086893082,0.9244553446769714,0.36086714267730713,0.12311474978923798
D:\HCSDLDPT\HCSDLDPT_birds_classification\Bird_dataset_OZ_1\PEREGRINE FALCON\1.jpg,0.9652082324028015,0.08411885797977448,0.001924916752614081,0.0017599238781258464,0.07944406569004059,0.23428986966609955,0.007562173064798117,0.005472263321280479,0.9421589970588684,0.15695872902870178,0.22235819697380066,0.17102131247520447,0.060147181153297424,0.04547465592622757,0.047778885811567307,0.029277276247739792,0.010267377831041813,0.0057944608852267265,0.0031513734720647335,0.00586223229765892,0.9404247999191284,0.33209288120269775,0.07290758937597275
D:\HCSDLDPT\HCSDLDPT_birds_classification\Bird_dataset_OZ_1\PEREGRINE FALCON\2.jpg,0.9883637428283691,0.014611316844820976,0.00032693136017769575,0.000930496898945421,0.09546395391225815,0.11203686147928238,0.025726981461048126,0.02439410798251629,0.9855439066886902,0.15961436927318573,0.05117635801434517,0.017931677401065826,0.01049963291734457,0.0080056581646204,0.009452163241803646,0.0032172270584851503,0.001596143702045083,0.0009227705886587501,0.0005736141465604305,0.0028431310784071684,0.9796257019042969,0.19575002789497375,0.04489434137940407
D:\HCSDLDPT\HCSDLDPT_birds_classification\Bird_dataset_OZ_1\PEREGRINE FALCON\3.jpg,0.9866248369216919,0.0821961835026741,0.039244145154953,0.008173608221113682,0.014804515056312084,0.06666091829538345,0.06149151548743248,0.09881404787302017,0.9830875992774963,0.15844151377677917,0.06709594279527664,0.05505036935210228,0.024276049807667732,0.012600300833582878,0.00919267162680626,0.005811459384858608,0.00243024667724967,0.0016113591846078634,0.0006075616693124175,0.005230313632637262,0.9806188941001892,0.19376379251480103,0.029020199552178383
D:\HCSDLDPT\HCSDLDPT_birds_classification\Bird_dataset_OZ_1\PEREGRINE FALCON\4.jpg,0.9878081679344177,0.06420576572418213,0.01830117031931877,0.027603421360254288,0.13526181876659393,0.025631750002503395,0.001794727984815836,0.0077350246720016,0.994498074054718,0.07671639323234558,0.06311419606208801,0.03110763430595398,0.009675302542746067,0.0051570069044828415,0.0035483993124216795,0.0007569918525405228,0.00021290396398399025,9.462398156756535e-05,0.00014193597598932683,0.0019397916039451957,0.9754726886749268,0.2074701189994812,0.07354734092950821
D:\HCSDLDPT\HCSDLDPT_birds_classification\Bird_dataset_OZ_1\PHAINOPEPLA\4.jpg,0.9925487041473389,0.01160024106502533,0.0005339023191481829,0.0011163412127643824,0.0036159749142825603,0.0665193721652031,0.08151717483997345,0.060233887284994125,0.9943808913230896,0.10106109827756882,0.028276992961764336,0.01277836598455906,0.003977523650974035,0.0017830277793109417,0.0010972479358315468,0.0002514526422601193,6.857799598947167e-05,0.00011429665028117597,2.2859330783830956e-05,0.003177447011694312,0.9928653836250305,0.11852534115314484,0.013042492792010307
D:\HCSDLDPT\HCSDLDPT_birds_classification\Bird_dataset_OZ_1\PURPLE FINCH\3.jpg,0.9988294839859009,0.038467224687337875,0.00023390795104205608,0.0,0.0,4.252871804055758e-05,6.379307887982577e-05,0.029323551803827286,0.9563006162643433,0.011077124625444412,0.02651907503604889,0.05674275383353233,0.07101096957921982,0.07779662311077118,0.0977867990732193,0.09888717532157898,0.10908399522304535,0.09987751394510269,0.09081774950027466,0.14451612532138824,0.9251523613929749,0.3238610029220581,0.1980079859495163
D:\HCSDLDPT\HCSDLDPT_birds_classification\Bird_dataset_OZ_1\PURPLE FINCH\4.jpg,0.9941449165344238,0.020555080845952034,0.0016121631488204002,0.0,0.0,0.0005149965872988105,0.0006045611808076501,0.10606690496206284,0.9751877188682556,0.01710057631134987,0.04199343919754028,0.08538160473108292,0.1226147785782814,0.13286300003528595,0.07525467127561569,0.029289286583662033,0.013825998641550541,0.010460459627211094,0.0073678018525242805,0.010005656629800797,0.9370877742767334,0.08541418612003326,0.33848321437835693
D:\HCSDLDPT\HCSDLDPT_birds_classification\Bird_dataset_OZ_1\PURPLE FINCH\5.jpg,0.9983469247817993,0.04095860570669174,0.015362204983830452,0.0008292099228128791,0.0008728525135666132,0.0005455328500829637,0.00074192468309775,0.03724898397922516,0.9796801805496216,0.06692323833703995,0.09866278618574142,0.10863891988992691,0.0801059827208519,0.07208944857120514,0.0460505485534668,0.016270600259304047,0.005136521533131599,0.002494033658877015,0.0003265996347181499,0.013390585780143738,0.9543604850769043,0.28355592489242554,0.09376666694879532
D:\HCSDLDPT\HCSDLDPT_birds_classification\Bird_dataset_OZ_1\PURPLE MARTIN\1.jpg,0.9457359910011292,0.020878316834568977,0.024243002757430077,0.006959438789635897,0.016334550455212593,0.30607151985168457,0.10030794143676758,0.022431248798966408,0.9788159132003784,0.056154776364564896,0.1263408362865448,0.11467769742012024,0.047126200050115585,0.03682474419474602,0.06189753860235214,0.046238142997026443,0.007252461742609739,0.0022201412357389927,0.0007696489919908345,0.006986044812947512,0.9604925513267517,0.23559553921222687,0.14815139770507812
D:\HCSDLDPT\HCSDLDPT_birds_classification\Bird_dataset_OZ_1\PYGMY KINGFISHER\1.jpg,0.9708641767501831,0.014355170540511608,0.00028097309404984117,0.0,0.00022988706768956035,0.23504675924777985,0.022784363478422165,0.03808462619781494,0.975072979927063,0.031647343188524246,0.04072292894124985,0.04541142284870148,0.050736214965581894,0.06339515000581741,0.09664997458457947,0.08573248237371445,0.06791619956493378,0.07126512378454208,0.07344192266464233,0.07836484909057617,0.9327028393745422,0.3263840675354004,0.15342359244823456
D:\HCSDLDPT\HCSDLDPT_birds_classification\Bird_dataset_OZ_1\PYGMY KINGFISHER\2.jpg,0.9977840781211853,0.003553441260010004,6.662702071480453e-05,0.0,0.026006747037172318,0.05747691169381142,0.014635736122727394,0.014835616573691368,0.9697675108909607,0.0293656587600708,0.03840894624590874,0.041745953261852264,0.04021092876791954,0.03927656635642052,0.07261326164007187,0.11702882498502731,0.1421564817428589,0.09270204603672028,0.059532199054956436,0.03156808391213417,0.9432899355888367,0.18862998485565186,0.2731718420982361
D:\HCSDLDPT\HCSDLDPT_birds_classification\Bird_dataset_OZ_1\PYGMY KINGFISHER\4.jpg,0.9982388019561768,0.04779582843184471,0.004422701429575682,0.0015764085110276937,0.0012260954827070236,0.03356436267495155,0.003087133402004838,0.008670247159898281,0.9940099716186523,0.05287063121795654,0.03325478360056877,0.0279624555259943,0.024881845340132713,0.028541715815663338,0.038468122482299805,0.040232233703136444,0.04307587072253227,0.0287786852568388,0.005976908840239048,0.0030806094873696566,0.9939382672309875,0.08933942764997482,0.06407193839550018
D:\HCSDLDPT\HCSDLDPT_birds_classification\Bird_dataset_OZ_1\PYGMY KINGFISHER\5.jpg,0.9799990057945251,0.018528053537011147,0.0021917643025517464,0.00017839942302089185,0.0003313132037874311,0.18754875659942627,0.04888144135475159,0.041108325123786926,0.9758901000022888,0.0364912711083889,0.06497067958116531,0.0878385454416275,0.09127683192491531,0.08644376695156097,0.09429344534873962,0.070420041680336,0.05569378659129143,0.0335070937871933,0.018488910049200058,0.012228630483150482,0.9522818326950073,0.28967416286468506,0.09616691619157791
D:\HCSDLDPT\HCSDLDPT_birds_classification\Bird_dataset_OZ_1\PYRRHULOXIA\2.jpg,0.9992179274559021,0.007099201437085867,0.0007674812222830951,2.1318923245416954e-05,0.0009167136740870774,0.016820630058646202,0.011874640360474586,0.03298037499189377,0.9992505311965942,0.024411730468273163,0.018529120832681656,0.013615928590297699,0.009033221751451492,0.007997705601155758,0.010156866163015366,0.00779941538348794,0.005772448610514402,0.004626771900802851,0.001850708737038076,0.002445579506456852,0.9958384037017822,0.05451710894703865,0.07303277403116226
D:\HCSDLDPT\HCSDLDPT_birds_classification\Bird_dataset_OZ_1\PYRRHULOXIA\3.jpg,0.9859038591384888,0.0016500483034178615,0.0019250564510002732,0.003025088692083955,0.03715108707547188,0.02417570911347866,0.04602634906768799,0.1545795351266861,0.9903683066368103,0.09949401021003723,0.07340653240680695,0.050237759947776794,0.0235303845256567,0.017925452440977097,0.017073089256882668,0.01201056968420744,0.005527445115149021,0.003022014396265149,0.0004907544353045523,0.0029186976607888937,0.9635806083679199,0.2665764391422272,0.021198425441980362
D:\HCSDLDPT\HCSDLDPT_birds_classification\Bird_dataset_OZ_1\PYRRHULOXIA\5.jpg,0.9973138570785522,0.022524500265717506,0.0019084797240793705,0.0001109581280616112,0.0007323236204683781,0.006191463675349951,0.017575766891241074,0.06712966412305832,0.9946564435958862,0.04041137173771858,0.041911009699106216,0.04664671793580055,0.033939238637685776,0.02778281830251217,0.03104519285261631,0.025204487144947052,0.023047110065817833,0.0213369932025671,0.016180334612727165,0.017943069338798523,0.9831079840660095,0.12567903101444244,0.1330544352531433
D:\HCSDLDPT\HCSDLDPT_birds_classification\Bird_dataset_OZ_1\RAINBOW LORIKEET\2.jpg,0.9714121222496033,0.19118231534957886,0.10019375383853912,0.02686009556055069,0.004952330142259598,0.09434608370065689,0.005204143468290567,0.009736784733831882,0.9574499130249023,0.015642622485756874,0.022606804966926575,0.0394279807806015,0.04778499901294708,0.05196350812911987,0.0738203227519989,0.08782011270523071,0.12014105916023254,0.14839063584804535,0.13124802708625793,0.09567713737487793,0.9500728249549866,0.2404879629611969,0.19881445169448853
D:\HCSDLDPT\HCSDLDPT_birds_classification\Bird_dataset_OZ_1\RAINBOW LORIKEET\5.jpg,0.9920951128005981,0.11325385421514511,0.013029842637479305,0.0,0.0005769671988673508,0.03892124816775322,0.01843891106545925,0.029930174350738525,0.9532888531684875,0.019995996728539467,0.01874624751508236,0.033169034868478775,0.050564199686050415,0.046038080006837845,0.041343074291944504,0.03647918254137039,0.05093574896454811,0.08478032052516937,0.11936799436807632,0.24008706212043762,0.9344441890716553,0.20148757100105286,0.2936271131038666
D:\HCSDLDPT\HCSDLDPT_birds_classification\Bird_dataset_OZ_1\RAZORBILL\3.jpg,0.9604495763778687,0.002933070296421647,0.0006023269379511476,0.0018855450907722116,0.05344996601343155,0.2727493345737457,0.01511054951697588,0.006835101172327995,0.9971283078193665,0.07442130893468857,0.013706902042031288,0.0028022034093737602,0.0005865077255293727,0.00019550256547518075,0.0005865077255293727,4.344501576269977e-05,0.0,0.0,0.0,0.00047789516975171864,0.9948174953460693,0.04243852198123932,0.09239665418863297
D:\HCSDLDPT\HCSDLDPT_birds_classification\Bird_dataset_OZ_1\RED BELLIED PITTA\2.jpg,0.9939604997634888,0.08385966718196869,0.039910413324832916,0.017374174669384956,0.05546830594539642,0.0012666179100051522,0.0013622117694467306,0.005926816258579493,0.9587864875793457,0.007026517763733864,0.010206623002886772,0.020473819226026535,0.029135819524526596,0.03286108374595642,0.03416341170668602,0.028560370206832886,0.030710726976394653,0.03837326541543007,0.06572216749191284,0.26364585757255554,0.9685508608818054,0.23590873181819916,0.0790967047214508
D:\HCSDLDPT\HCSDLDPT_birds_classification\Bird_dataset_OZ_1\RED BELLIED PITTA\5.jpg,0.9912949204444885,0.032552123069763184,0.018488220870494843,0.0826285108923912,0.09407242387533188,0.004201868548989296,0.0016065967502072453,0.015349178574979305,0.9364438652992249,0.019875964149832726,0.03685837611556053,0.050602760165929794,0.057044364511966705,0.04922487586736679,0.05049941688776016,0.04188764840364456,0.0436788946390152,0.05201508849859238,0.07681698352098465,0.31346842646598816,0.9367350339889526,0.3237983286380768,0.13297420740127563
D:\HCSDLDPT\HCSDLDPT_birds_classification\Bird_dataset_OZ_1\RED CROSSBILL\1.jpg,0.9970445036888123,0.030002474784851074,0.005388470832258463,8.869911107467487e-05,0.00015522344619967043,0.0002882721018977463,0.00984560139477253,0.06982837617397308,0.9871335625648499,0.0660102590918541,0.09145019948482513,0.06627162545919418,0.039205387234687805,0.03182896599173546,0.03351334482431412,0.02918623387813568,0.023929806426167488,0.0214032381772995,0.01574023626744747,0.05148974433541298,0.977607786655426,0.13887441158294678,0.15810395777225494
D:\HCSDLDPT\HCSDLDPT_birds_classification\Bird_dataset_OZ_1\RED FACED WARBLER\1.jpg,0.9985540509223938,0.00758610712364316,0.0008065688307397068,0.0002615898847579956,0.005842174403369427,0.04684638977050781,0.013188490644097328,0.020709199830889702,0.9902954697608948,0.10118545591831207,0.0865161120891571,0.03010140173137188,0.006813493091613054,0.006203329656273127,0.007042304612696171,0.006660952232778072,0.008618560619652271,0.013042245991528034,0.015838829800486565,0.003330476116389036,0.977046012878418,0.19788305461406708,0.07888834178447723
D:\HCSDLDPT\HCSDLDPT_birds_classification\Bird_dataset_OZ_1\RED FACED WARBLER\2.jpg,0.9862492680549622,0.01656547375023365,0.009245846420526505,0.0016180231468752027,0.005136581137776375,0.12312385439872742,0.0510062500834465,0.09572019428014755,0.9671854376792908,0.23464025557041168,0.08219536393880844,0.029365669935941696,0.015908781439065933,0.011603716760873795,0.013770503923296928,0.013941565528512001,0.011347123421728611,0.012459027580916882,0.01214541308581829,0.025972938165068626,0.9570760130882263,0.24051518738269806,0.16173414885997772
D:\HCSDLDPT\HCSDLDPT_birds_classification\Bird_dataset_OZ_1\RED FACED WARBLER\3.jpg,0.9835202097892761,0.005215559154748917,0.0028659754898399115,0.0006196703761816025,0.0025561403017491102,0.12883980572223663,0.11115337908267975,0.06075351685285568,0.9969961047172546,0.072693832218647,0.013644353486597538,0.012366621755063534,0.006662460044026375,0.0036050297785550356,0.0037191130686551332,0.0036734796594828367,0.005407544784247875,0.005658527836203575,0.006981893442571163,0.013439003378152847,0.976306140422821,0.10366687923669815,0.1899462789297104
D:\HCSDLDPT\HCSDLDPT_birds_classification\Bird_dataset_OZ_1\RED FACED WARBLER\5.jpg,0.994029700756073,0.048024460673332214,0.008618547581136227,0.0022025175858289003,0.007565169129520655,0.09039898216724396,0.0220012366771698,0.028393324464559555,0.967366099357605,0.19168563187122345,0.13512012362480164,0.06061694771051407,0.021154077723622322,0.01586555875837803,0.015989266335964203,0.016453171148896217,0.021834472194314003,0.0402669720351696,0.03831857070326805,0.027122991159558296,0.9111305475234985,0.3658085763454437,0.18980303406715393
D:\HCSDLDPT\HCSDLDPT_birds_classification\Bird_dataset_OZ_1\RED FODY\3.jpg,0.9985923767089844,0.05277811363339424,0.0026886563282459974,0.0006351156625896692,0.002815679647028446,0.0009738440276123583,0.00046575150918215513,0.003302601631730795,0.9728933572769165,0.03036867268383503,0.0442693866789341,0.04977957904338837,0.034407392144203186,0.03036867268383503,0.03800780326128006,0.030274750664830208,0.03384385257959366,0.04567824304103851,0.0741371363401413,0.18687692284584045,0.9673754572868347,0.17844200134277344,0.1798422634601593
D:\HCSDLDPT\HCSDLDPT_birds_classification\Bird_dataset_OZ_1\RED HEADED WOODPECKER\4.jpg,0.9831726551055908,0.030472267419099808,0.018148159608244896,0.02371220849454403,0.15938140451908112,0.008996078744530678,0.002860025269910693,0.07784468680620193,0.9942223429679871,0.07488008588552475,0.035996537655591965,0.020235048606991768,0.013342647813260555,0.016749834641814232,0.025905024260282516,0.02561892382800579,0.024058381095528603,0.028167812153697014,0.022627882659435272,0.023226089775562286,0.9811273813247681,0.08756090700626373,0.17240099608898163
D:\HCSDLDPT\HCSDLDPT_birds_classification\Bird_dataset_OZ_1\RED HEADED WOODPECKER\5.jpg,0.9927318692207336,0.08853793144226074,0.022066224366426468,0.008662668988108635,0.04606851935386658,0.018640872091054916,0.009357667528092861,0.05937279015779495,0.9958418011665344,0.04567405954003334,0.03749893605709076,0.036127954721450806,0.02444920502603054,0.016883406788110733,0.015360092744231224,0.008555952459573746,0.013811388984322548,0.02650568075478077,0.02564246952533722,0.027546612545847893,0.9871087670326233,0.12648862600326538,0.09806612133979797
D:\HCSDLDPT\HCSDLDPT_birds_classification\Bird_dataset_OZ_1\RED LEGGED HONEYCREEPER\1.jpg,0.9726474285125732,0.029245879501104355,0.003847433952614665,0.005623172502964735,0.13751213252544403,0.18438087403774261,0.006215085741132498,0.010519906878471375,0.9885877966880798,0.05467318370938301,0.051313381642103195,0.06541900336742401,0.05353473871946335,0.05247959494590759,0.07674793154001236,0.03420891985297203,0.009635142050683498,0.0020825236570090055,0.0008330094278790057,0.003720775479450822,0.995892345905304,0.08602406829595566,0.028254304081201553
D:\HCSDLDPT\HCSDLDPT_birds_classification\Bird_dataset_OZ_1\RED LEGGED HONEYCREEPER\2.jpg,0.9682793617248535,0.028603795915842056,0.005884209647774696,0.006129384972155094,0.1216614842414856,0.21564538776874542,0.006701461039483547,0.013974998146295547,0.9861605763435364,0.08142147958278656,0.07531556487083435,0.08461447805166245,0.06299170851707458,0.04285340756177902,0.04425384849309921,0.013864338397979736,0.004537419881671667,0.0017085346626117826,0.0008122541476041079,0.00683413865044713,0.9933670163154602,0.09942612797021866,0.057761628180742264
D:\HCSDLDPT\HCSDLDPT_birds_classification\Bird_dataset_OZ_1\RED LEGGED HONEYCREEPER\4.jpg,0.9744489789009094,0.01593250222504139,0.039323341101408005,0.03138382360339165,0.069450743496418,0.20696213841438293,0.0020583937875926495,0.001764337532222271,0.9925095438957214,0.024690361693501472,0.029800567775964737,0.047363538295030594,0.04284504055976868,0.050133805721998215,0.05535159632563591,0.047471120953559875,0.035636961460113525,0.013394118286669254,0.002447519451379776,0.007880475372076035,0.9898064136505127,0.11032374948263168,0.09006650000810623
D:\HCSDLDPT\HCSDLDPT_birds_classification\Bird_dataset_OZ_1\RED SHOULDERED HAWK\5.jpg,0.9838799238204956,0.01557305920869112,0.01637766696512699,0.006955966353416443,0.12146985530853271,0.1272318959236145,0.01663721725344658,0.014197438955307007,0.9905038475990295,0.1260901838541031,0.047025736421346664,0.024217283353209496,0.00983751192688942,0.004250776953995228,0.0057081859558820724,0.002356144832447171,0.0008987356559373438,0.00036435230867937207,0.00036435230867937207,0.007165595423430204,0.9781478047370911,0.17285634577274323,0.1155320480465889
D:\HCSDLDPT\HCSDLDPT_birds_classification\Bird_dataset_OZ_1\RED WISKERED BULBUL\1.jpg,0.9358775615692139,0.0,0.0,0.0,0.0,0.21067245304584503,0.27470386028289795,0.06548327952623367,0.9632642269134521,0.05522288754582405,0.2128971368074417,0.1271725296974182,0.07250309735536575,0.03646678477525711,0.01826413907110691,0.011038427241146564,0.011407400481402874,0.012422074563801289,0.009839266538619995,0.012299084104597569,0.975513756275177,0.1740160882472992,0.13450419902801514
D:\HCSDLDPT\HCSDLDPT_birds_classification\Bird_dataset_OZ_1\RED WISKERED BULBUL\2.jpg,0.9880546927452087,0.011710087768733501,0.01734733022749424,0.005099141038954258,0.012760665267705917,0.07592339813709259,0.05516809597611427,0.1196376383304596,0.9829741716384888,0.1732926219701767,0.05768093839287758,0.018161127343773842,0.004796336404979229,0.0028228438459336758,0.003122614696621895,0.0014738742029294372,0.0015737978974357247,0.0013489695265889168,0.0010741794249042869,0.005121088121086359,0.9902180433273315,0.1323174238204956,0.044276341795921326
D:\HCSDLDPT\HCSDLDPT_birds_classification\Bird_dataset_OZ_1\RED WISKERED BULBUL\4.jpg,0.9928750991821289,0.046858031302690506,0.0059615192003548145,0.0013738480629399419,0.007433499209582806,0.09020784497261047,0.03797708451747894,0.04828094691038132,0.9959923028945923,0.04833455756306648,0.04185876250267029,0.04890088364481926,0.023564020171761513,0.015660101547837257,0.01708822324872017,0.010563181713223457,0.006771270185709,0.006131077650934458,0.007165235001593828,0.013444049283862114,0.9910885095596313,0.0866750180721283,0.10114826261997223
D:\HCSDLDPT\HCSDLDPT_birds_classification\Bird_dataset_OZ_1\REGENT BOWERBIRD\5.jpg,0.9922889471054077,0.07849055528640747,0.010936806909739971,0.011891025118529797,0.021873613819479942,0.09072411805391312,0.009909187443554401,0.011548485606908798,0.9914573431015015,0.03402693197131157,0.05421752855181694,0.07559095323085785,0.03793301433324814,0.02219865284860134,0.031468722969293594,0.02228117734193802,0.021043334156274796,0.020135581493377686,0.019227830693125725,0.050641536712646484,0.9981721639633179,0.015490610152482986,0.058415625244379044
D:\HCSDLDPT\HCSDLDPT_birds_classification\Bird_dataset_OZ_1\ROCK DOVE\1.jpg,0.9431937336921692,0.0003390547353774309,5.650912135024555e-05,0.0011866915738210082,0.29042863845825195,0.1604011356830597,0.01664193533360958,0.005453130230307579,0.9723688364028931,0.07988638430833817,0.19821183383464813,0.08913404494524002,0.0258488729596138,0.010528958402574062,0.0076599568128585815,0.0050416444428265095,0.003036128357052803,0.001894098473712802,0.0016434089047834277,0.0023676229175180197,0.9719485640525818,0.14862774312496185,0.1822793036699295
D:\HCSDLDPT\HCSDLDPT_birds_classification\Bird_dataset_OZ_1\ROSE BREASTED GROSBEAK\2.jpg,0.9594157934188843,0.09556380659341812,0.12005503475666046,0.053272418677806854,0.10292717814445496,0.1968582421541214,0.02007320150732994,0.058202680200338364,0.9674916863441467,0.2138085812330246,0.11799371242523193,0.060345761477947235,0.018600694835186005,0.00931454636156559,0.00942813791334629,0.005622805096209049,0.004004118964076042,0.005793193355202675,0.006843919400125742,0.005651203449815512,0.979529082775116,0.14238029718399048,0.14230471849441528
D:\HCSDLDPT\HCSDLDPT_birds_classification\Bird_dataset_OZ_1\ROSE BREASTED GROSBEAK\3.jpg,0.953421413898468,0.09253601729869843,0.1306992769241333,0.060117047280073166,0.12878452241420746,0.19926771521568298,0.020963385701179504,0.07068127393722534,0.963356077671051,0.23071107268333435,0.12485405802726746,0.0498100183904171,0.01439083181321621,0.006437250878661871,0.008811880834400654,0.005950880702584982,0.006065320689231157,0.011644271202385426,0.010127941146492958,0.0033759805373847485,0.9687352776527405,0.16116245090961456,0.1886228621006012
D:\HCSDLDPT\HCSDLDPT_birds_classification\Bird_dataset_OZ_1\ROSE BREASTED GROSBEAK\4.jpg,0.9693743586540222,0.052923526614904404,0.015299340710043907,0.006502945441752672,0.1884693056344986,0.11737236380577087,0.01985720917582512,0.0868607759475708,0.9855462908744812,0.10556857287883759,0.08963694423437119,0.06691856682300568,0.0350840799510479,0.02777968905866146,0.029735194519162178,0.01762831211090088,0.01900867000222206,0.02631305903196335,0.020561570301651955,0.019152456894516945,0.9806581735610962,0.0812293291091919,0.1780768185853958
D:\HCSDLDPT\HCSDLDPT_birds_classification\Bird_dataset_OZ_1\ROSE BREASTED GROSBEAK\5.jpg,0.9666275978088379,0.003702849615365267,0.013078149408102036,0.0472966805100441,0.25003427267074585,0.024055391550064087,0.0025473504792898893,0.010346969589591026,0.9824625849723816,0.06632024794816971,0.14546456933021545,0.08858796954154968,0.029350467026233673,0.018914148211479187,0.011750917881727219,0.0013682575663551688,0.0003219429636374116,0.00026828580303117633,2.6828580303117633e-05,0.0013146004639565945,0.9904836416244507,0.10044414550065994,0.09409110248088837
D:\HCSDLDPT\HCSDLDPT_birds_classification\Bird_dataset_OZ_1\ROSEATE SPOONBILL\4.jpg,0.987019419670105,0.04763859882950783,0.034452684223651886,0.004925476852804422,0.002206203294917941,0.006669916678220034,0.07570355385541916,0.12857547402381897,0.9916406869888306,0.07834941148757935,0.08883731812238693,0.048199765384197235,0.010884617455303669,0.005008411593735218,0.0068927644751966,0.002008323557674885,0.0011653235414996743,0.000942176440730691,0.00027273528394289315,0.009868058376014233,0.975140392780304,0.050342753529548645,0.21579353511333466
D:\HCSDLDPT\HCSDLDPT_birds_classification\Bird_dataset_OZ_1\RUFOUS KINGFISHER\1.jpg,0.9953168630599976,0.01360043790191412,0.0,0.0,0.00011093342618551105,0.0007543473038822412,0.008098140358924866,0.09535837173461914,0.9781841039657593,0.00988607108592987,0.022772707045078278,0.03787028416991234,0.03922843560576439,0.042797528207302094,0.05432601273059845,0.05979020148515701,0.07779359072446823,0.0705922320485115,0.06557023525238037,0.12599213421344757,0.9226741790771484,0.1461549550294876,0.35680675506591797
D:\HCSDLDPT\HCSDLDPT_birds_classification\Bird_dataset_OZ_1\RUFOUS KINGFISHER\4.jpg,0.9987273812294006,0.012608992867171764,0.002314171986654401,0.0050825271755456924,0.003244166262447834,0.006401821505278349,0.009862265549600124,0.046953897923231125,0.9748125672340393,0.015324055217206478,0.02297072671353817,0.031784363090991974,0.03341196849942207,0.04360752925276756,0.05475509166717529,0.045020170509815216,0.04154999181628227,0.045327264815568924,0.04849034547805786,0.1838272362947464,0.9229789972305298,0.08326118439435959,0.37573572993278503
